,AHI,ahi_4_percent,ahi_central,ahi_central_during_nrem,ahi_central_during_rem,ahi_during_left,ahi_during_non_supine,ahi_during_nrem,ahi_during_prone,ahi_during_rem,ahi_during_right,ahi_during_supine,ahi_obstructive,ahi_obstructive_during_nrem,ahi_obstructive_during_rem,desaturations_mean_nadir,desaturations_of_10_20,desaturations_of_4_9,number_of_4_percent_desaturation_apnea_hypopnea_events,number_of_all_respiratory_events,number_of_apnea_hypopnea_events,number_of_central_apnea_hypopnea_events,number_of_desaturation_events,number_of_obstructive_apnea_hypopnea_events,number_of_transitions_nrem_to_rem,number_of_transitions_nrem_to_wake,number_of_transitions_rem_to_nrem,number_of_transitions_rem_to_wake,number_of_transitions_wake_to_nrem,number_of_transitions_wake_to_rem,number_of_wakes,odi,odi_during_left,odi_during_non_supine,odi_during_nrem,odi_during_prone,odi_during_rem,odi_during_right,odi_during_supine,percent_of_deep_sleep_time,percent_of_left_sleep,percent_of_light_sleep_time,percent_of_non_supine_sleep,percent_of_prone_sleep,percent_of_rem_sleep_time,percent_of_right_sleep,percent_of_sleep_time,percent_of_supine_sleep,percent_of_wake_time,rdi,rdi_during_left,rdi_during_non_supine,rdi_during_nrem,rdi_during_prone,rdi_during_rem,rdi_during_right,rdi_during_supine,rem_latency,saturation_below_85,saturation_below_90,saturation_below_or_equal_88,saturation_max_value,saturation_mean,saturation_min_value,sleep_efficiency,sleep_latency,snore_above_40db,snore_above_45db,snore_above_50db,snore_above_60db,snore_db_mean,time_to_transition_nrem_to_rem,time_to_transition_nrem_to_wake,time_to_transition_rem_to_nrem,time_to_transition_rem_to_wake,time_to_transition_wake_to_nrem,time_to_transition_wake_to_rem,total_arousal_sleep_time,total_deep_sleep_time,total_left_sleep_time,total_light_sleep_time,total_non_supine_sleep_time,total_prone_sleep_time,total_rem_sleep_time,total_right_sleep_time,total_sleep_time,total_supine_sleep_time,total_time_in_bed,total_valid_apnea_central_sleep_time,total_valid_apnea_sleep_time,total_wake_time,total_wake_time_after_sleep_onset,variability_between_sleep_stage_percents
0,0.44996083197608866,0.4395565793622594,0.17550367132431574,0.17783656598336292,0.15557428364529532,0.2577044801561402,0.3363856945213031,0.41419895804174417,0.3337763341728644,0.44461660126551766,0.29582169151393456,0.4569637598077029,0.45420348301110103,0.42415432364309213,0.45438132512206736,0.34101782801426345,0.18436010661079538,0.4381851195861837,0.41061688594074,0.2778082394623454,0.41086544083439636,0.16418248696237114,0.4196258635375644,0.41879043824229817,0.07734636712340291,0.14856967991740522,0.06080469324157124,0.005936611676518698,0.15111317676246167,0.055055268566334255,0.1567918683610131,0.44408069558490443,0.3055510830831323,0.3553913137275042,0.39860322444348817,0.3077461827643063,0.46146938599433596,0.33074822118642566,0.42958457849434434,0.1794291867620333,0.03817838082375382,0.08189790355825644,0.042372836805101816,-0.016909720566344096,-0.019995663561074645,0.014962609979195947,0.060851660569922035,0.04237283752546567,0.060851653150883214,0.34066804326116423,0.16410575382882364,0.21499760255106146,0.28804486987828287,0.1975348019057416,0.33796742020372644,0.17505789974955427,0.3606889176153517,-0.020846323155678755,0.16335074804419492,0.2541173103114642,0.23706468341025436,0.07288467535481949,0.4139018358746778,0.33817952285056424,0.07710388273045035,-0.024175190475195025,0.13138077475373416,0.27729483889156287,0.18599704555518545,0.07089363583436771,0.2664171141869549,0.023201007173123567,0.09858537699708313,0.031404696416743295,0.022527991293283985,0.06736761822321331,0.03342170773344271,0.013855946361891558,0.1671247684200825,0.049082912285848164,0.025351314123417946,0.020890125900979026,-0.01313952758915283,0.004817304108656958,-0.0052785515416707484,0.015135992013784306,0.044232057228092016,-0.011965941972768148,0.037659133937358216,0.0522957205558227,0.06916172128865662,0.062193887400702995,0.09785721960923208
1,0.44962495716709516,0.4371325967442379,0.14738575577749283,0.12962554668200735,0.11090422403886836,0.2707676502534372,0.33585785570894916,0.42499214635892696,0.3141826390207588,0.44393490153197246,0.306469751359963,0.4547259857420228,0.44793344795538803,0.42118275126403615,0.4499610024012665,0.3280919820087865,0.21619098732988398,0.434208867925043,0.4081063042397659,0.27964581293015683,0.41057688225275685,0.1344401633402527,0.4194094428486045,0.41016417142359973,0.09930021428034683,0.14499045487161463,0.06523914231752972,0.018047420300101272,0.14808161069518153,0.0535160452649457,0.156286323565971,0.44428803770799846,0.3194972145740789,0.361166877604696,0.39978487632428955,0.30200758557597296,0.46911029339314353,0.3352243744427778,0.4218133623081322,0.18377814828440456,0.02933123768573536,0.09679748018388269,0.06068638445211408,0.011606197332752768,-0.00319532128485353,0.005255563185698782,0.05862377432508228,0.060336964737442704,0.05862375640242532,0.3386372102212096,0.169143054623575,0.21260270077014953,0.30309858008888624,0.20017126872613136,0.3414423578193753,0.18992737094280734,0.34222174933294036,0.006545625521692598,0.1675095863872173,0.2713873980511345,0.25294484226086955,0.10030998484476811,0.4135094458314343,0.3444725083411336,0.05988438169690985,-0.021700949761316986,0.1278837089297672,0.27465057221472045,0.17287768411790216,0.04105119105976607,0.2678979405314803,0.024085530149070174,0.11283122459055726,0.009577259564080495,0.04904281551225818,0.015922339703177277,0.05933201890310749,0.04588228944547098,0.17594990650405617,0.027732598370693275,0.048115646590277825,0.01803319767141558,0.010110754824635543,0.0062300833104191895,-0.02077025833244383,0.045152362993714,0.07261318518443775,0.004387156495870624,0.06854255858802365,0.08459799068412752,0.06412637948850096,0.058858851166396046,0.10775868789147672
2,0.4439110856552692,0.43533504952262003,0.18325456189985515,0.1489028820382873,0.13592216659752068,0.26194668810669725,0.34170210979565957,0.4174934745805229,0.3140371168549352,0.44290421132005425,0.3207168399756034,0.44568220013270693,0.45430528096732703,0.4234210145047518,0.4515961857354413,0.33322262992029283,0.21016617539425733,0.43395091496534854,0.4089412772333149,0.28397540560707324,0.4096586251460202,0.17250451624337051,0.4199799409983667,0.40999205883961665,0.07998747871681408,0.15399854023082124,0.04945544218343679,-0.01859605378556317,0.1553500420780849,0.04423709547984614,0.16774268336814185,0.4430537225858409,0.31283112435246707,0.37586673237015633,0.39590574817544244,0.3141670797780548,0.46720710969969337,0.3236848547308571,0.4237532602236016,0.14123254698431387,0.028472078122595307,0.07754697724980421,0.037937247642931875,-0.03665516433152201,0.025922262975907766,0.000368438055007069,0.04671775524908908,0.03793724907379274,0.04671774721685507,0.3406765171390275,0.1780094602126241,0.2113014844463592,0.2968163279218173,0.19746482208629706,0.3436948529234468,0.21709742877369181,0.3505260246127874,0.026793144750125588,0.15822283384859126,0.24866865130718402,0.23045585018693077,0.09799257149672644,0.42256183672038067,0.33830963498801836,0.0868330540941597,-0.036723706218573814,0.13301588531946773,0.26527720322562115,0.2018987329395017,0.08503217176450152,0.2560528725921058,-0.01653546467399708,0.0974024546530879,0.008454338941554555,0.04199601547124623,0.046387596730600784,0.019057207091058077,0.015573884026193528,0.1413033894182019,0.029822488043885674,0.05410393780329355,0.025481807269909357,-0.040055335281665584,0.019843611603964653,-0.013214801874072708,0.015314489402950576,0.028880252449602004,-0.0016970950584155957,0.05310829196591771,0.034610066348423466,0.07948120135171016,0.06201519339236944,0.08379902263793211
3,0.44124151686547575,0.43271048457219785,0.14383295975263935,0.14986923841254685,0.13636637639289587,0.2569208465209152,0.3205781376479369,0.40561478929359446,0.32988122648222773,0.43747387577033486,0.28327226543943934,0.4484480140404152,0.44790421484059073,0.403994630643954,0.4372029322083346,0.3335881401460934,0.20200959222718282,0.436564728290033,0.4091961660145723,0.2815915067950349,0.407606956205375,0.1322608232222657,0.41870701580574926,0.4188897726672431,0.06219408511136476,0.12951315683201278,0.051540911695021056,-0.03964432251884675,0.13726823382700354,0.026109850865110674,0.14733867970553394,0.44102106843521655,0.3207039992705164,0.34926329872644296,0.3859483859071683,0.2971199086872674,0.46382292897856914,0.3075656977744917,0.42352940252983934,0.17154640913113153,0.05373027404916159,0.08348061534581647,0.057185715235058235,-0.013491348436499457,0.012979363309941748,0.008635742732646228,0.0890579192232288,0.057185715991820485,0.08905791469490586,0.33218784176612454,0.15014774440785733,0.19232891491772577,0.27981544888248017,0.21997449874796146,0.3227667815648762,0.16379488234607187,0.34761779230104106,0.0011823887327447405,0.13294015785544386,0.26250949041846255,0.24267285905938935,0.09983809901046894,0.4335562137406919,0.34179761075886506,0.07015937168273435,-0.02885188789969596,0.12416525977973228,0.27087560590920395,0.18320823514444187,0.057341149000301544,0.2525958418734464,-0.02128091332951319,0.10778747246713297,0.05982855928788741,0.03977996485326242,0.06552197649966116,0.01577183782753516,0.021036518217503717,0.15001633651694116,0.054448656119213866,0.07274410342664347,0.03494529109491706,-0.013713677227079134,-0.003790833222644703,-0.009526384505508008,0.020140999641703763,0.05206710795534702,-0.005002889393991961,0.0324421062482047,0.06328878440381286,0.06400217591947359,0.09139181935561559,0.08933715010800689
4,0.43946008476572984,0.4256999863892767,0.17702248492425282,0.1502288495601125,0.13241884749720942,0.2520082348431446,0.34516349014704717,0.4055988449333308,0.31665155998930195,0.4299756223660534,0.3167826557324222,0.45667203476872015,0.46157275218076804,0.42927282507177517,0.44666059384250084,0.3442735816002791,0.17731288845853665,0.4327532921658937,0.3995926708604547,0.27456275862989027,0.4050645547729591,0.17002698595782978,0.41042949216012503,0.42379297785443354,0.06558466801843701,0.15005611370439825,0.042353753382299665,0.012848010541298917,0.15523910899588528,0.06670995772988839,0.13010553869037042,0.4351982728625215,0.31044899033957474,0.3636789758663801,0.3947526861832901,0.3150580214670021,0.46523762853340256,0.3293730559088772,0.42606085720052383,0.16724320276642507,0.03818333331589952,0.10886916751099587,0.01880876226201014,0.02677447899626734,0.024631749381170784,-0.002685598939237949,0.04189406923890345,0.018819823002748783,0.04189406287232917,0.32640953909724474,0.13961407205690968,0.22996180743089767,0.2837346620104669,0.1690890203371224,0.31954995995397106,0.2026120385613897,0.35615045419642555,0.029095011498064156,0.1681186050961428,0.23883221755143094,0.2299653855286799,0.1051547684069566,0.423477447940467,0.313361742755655,0.060150820248140426,-0.017952068307618876,0.13934862487028313,0.2885619500745505,0.1734420251541233,0.06844398576198577,0.2713786499935455,0.0033948026738818424,0.12257843942810895,0.0018637269160646484,0.05823630500707049,0.07868112432397478,0.05546428314424796,0.047510247930614403,0.17009662563568373,0.04421935277831947,0.0348077174398582,-0.007053918890361974,0.01787778346844474,0.026987831869521355,-0.00911213042058762,0.047039224164698704,0.04658033709433501,0.01952021263180388,0.06401861521634353,0.0843190369619095,0.04286197656194399,0.04403428703830592,0.1222575224589694
5,0.4505548275373154,0.44254712549176106,0.13467445134269962,0.1533288608192748,0.13681755310878904,0.2485790742924744,0.33991349667910753,0.40689689382313976,0.33324997196838124,0.44257339698176634,0.31896149786103883,0.46040626431169196,0.45543904694037163,0.41454035970273456,0.43690248062033843,0.33911914416960115,0.19264929179500487,0.4464838191508692,0.4181067020569374,0.2787248967552734,0.4109995096141561,0.12915816562830937,0.4278102971364559,0.4189886704033938,0.07081404850160422,0.16747442369286283,0.03591911632219381,0.02772438507024536,0.17812405468247994,0.06452893241035663,0.15471803654773195,0.4493691693695013,0.3053059930706096,0.36755200604793936,0.37883284813483914,0.3016660082121143,0.4675981041909056,0.32506797468368565,0.422347544861992,0.17783325929622446,0.044115374527970576,0.11439509562407563,0.050888847068872034,-0.04471251812046106,0.032021611172238694,0.005636178218309807,0.0789245144501925,0.050888848974400894,0.07886719798001998,0.34318740905546163,0.14298029009634158,0.24081057252286797,0.29117164228796377,0.2022603900416141,0.3303949639951813,0.19611234721031617,0.3521670143773953,0.0010390229858016134,0.16549444957287152,0.26415619278110464,0.24452631586436627,0.09021993587750096,0.4230486421574524,0.33779327825832695,0.0628999349268759,-0.023029595767286727,0.13691063149896865,0.2693383036097928,0.18307489740512828,0.03256285536410049,0.26301615287862073,0.01729563494955962,0.10073811427154468,0.022649965444641987,0.047633623452832424,0.06713024312485368,0.024820937212810066,0.00908791815632025,0.17573407519300704,0.03153511279164205,0.039093868814622776,0.015661189766004547,-0.04521463723974689,0.013113875231840473,0.010460958746954017,0.008273648388868831,0.06813842389026667,0.005846532975403191,0.045720681660857514,0.044455505818508045,0.06542809012668682,0.08253754984907655,0.12200422315912593
6,0.45099198367142435,0.43818720669342576,0.1663646870771798,0.1504132176647599,0.13262041448403372,0.25438080367620686,0.3281149914883196,0.41159807492217726,0.3068571318832585,0.4403788133104865,0.29635679846239965,0.4468022378463355,0.45234570453418665,0.4197537165724604,0.44378229291924504,0.3396430186421983,0.2011353441529295,0.44172119037862984,0.41544952495306015,0.2868025337220529,0.41500813165145994,0.15214606665278285,0.4197498138702895,0.41917461995851685,0.08967948243926654,0.1489108858200364,0.05407241924906453,0.020746956080565072,0.15476058811972965,0.050384579789512246,0.15683680353674243,0.4426155814977279,0.30363415417244105,0.36606788858322253,0.39357841265949023,0.2764144112863227,0.46221670426626965,0.3178832148526,0.427458392980775,0.1531697351612801,0.016126084902598148,0.09308291962252449,0.017666934196209204,-0.019168519319425495,0.011079176469591043,0.015147297067380532,0.03476312188686615,0.017666934028488745,0.03476311086593074,0.3415345933509627,0.15040016963158662,0.20896488529791413,0.2933945196425193,0.19830834830261812,0.3325111464301319,0.1938881195978356,0.34998317936630513,0.015539390351354557,0.1503663092268137,0.24831966610441464,0.23198458863791996,0.09318638273894772,0.4166533331257794,0.3390992578120456,0.07868598172392333,-0.01739644715514472,0.1404924774900129,0.2803326398928285,0.17119558934714635,0.06571808266218594,0.2679171335901299,0.018301410785277437,0.12113009436748852,-0.011070990845589726,0.04254647271730932,0.07504018091323247,0.05502490190968098,0.044929393347439,0.159425588978312,0.018998354088607634,0.04404609441184657,-0.018929739582386716,-0.03089133774065895,0.032443317914376914,0.003361424392034531,0.04636412069140238,0.03651691197813609,0.04723221692699058,0.002716588724140921,0.06649379687402243,0.07593341670560484,0.03990828071674121,0.10176087593646019
7,0.4461471542124839,0.43650442968906195,0.18063738888189476,0.1700330286023759,0.11175250876905488,0.264944583011686,0.3425817638685014,0.4136988019473965,0.3290154788824064,0.4407520122623169,0.3076392567338055,0.45285274086895155,0.4589229424706692,0.40628403461903323,0.44278669756976935,0.34224062350170276,0.21847257896022945,0.43838812993161136,0.4124966781040413,0.2674311312771936,0.40878381195845553,0.1655868561686032,0.42269319884681456,0.4279362061597854,0.0958685364070558,0.15188474379246308,0.06318424665728466,0.01771443908138779,0.15703143882893225,0.058498154133261114,0.163218536492495,0.446155536816707,0.3167132118200038,0.37503776401681327,0.39426832010078766,0.3097487763836746,0.46905361801870726,0.3160652173761736,0.42233549756890204,0.16886853154197803,0.03993840585159047,0.10611004925274758,0.03655176221317222,-0.025354693210043286,0.006336808810961488,-0.010640406417568247,0.07726883201248022,0.03655176290677322,0.07737060349988868,0.3297585727603764,0.14054497269474264,0.21473818149792961,0.2938338565151407,0.17500051291159252,0.34086827210003334,0.19766842632371012,0.34664628793838714,0.01280057781037418,0.18089018650221236,0.2688846756902654,0.2571808902381547,0.10987770817408479,0.4273776534135223,0.34536252715653176,0.048664600963230394,-0.030569923475174735,0.13200362210008051,0.2861859378151792,0.20124129482498526,0.05773141030043179,0.26840723304926495,0.04914428742164647,0.11595010128836616,0.015330846297572809,0.060925665528620485,0.07412722746560195,0.0406153524789708,-0.0029939439668070114,0.1798842405028086,0.028163856742400604,0.04351773007623456,-0.013896103636929743,-0.03573511551258618,0.0408210191191128,-0.035260774122143526,-0.0020234119045872668,0.058581510848659375,-0.017688843545558934,0.04092237404611389,0.018561783934554474,0.05904343822146132,0.06713916778258668,0.1114886434125532
8,0.44169469069946715,0.43445230103976945,0.1460638374571801,0.1705991151859993,0.14463033027902514,0.265940474664326,0.33766534033681345,0.4112125904594489,0.3336333132972745,0.44751662084633226,0.3046327348441977,0.4511480003116265,0.4492912717217113,0.415292360465452,0.4505940156435547,0.34206753382023347,0.20544017664389444,0.44021395897309046,0.41074850004568125,0.2758012341965777,0.4091080295411897,0.13453687880455614,0.41931808726712483,0.4138271192084338,0.046571445542523064,0.1784710978118855,0.04288785594940903,-0.0008665014304344286,0.1824042589114952,0.04062961437291219,0.18573589483190267,0.44352638438855396,0.31780694508365953,0.3551415977315904,0.38845579173861616,0.3187798276761333,0.481042076299698,0.31597321196727174,0.42252414028719454,0.15482192668795014,0.06842485359157892,0.0968095821329998,0.030825659806595216,-0.007617761223699755,0.005354395174790464,-0.025137075179931863,0.050138628633220717,0.030825660123346935,0.05036583809348878,0.328254471050043,0.16391002849617545,0.21160001404824166,0.29580882331922087,0.21605161754538638,0.3325754838130081,0.1934394079612822,0.34984530741712083,-0.0012598521500561477,0.16655429948135725,0.24124720721293713,0.22461329216837295,0.10684917124670172,0.41981541445349224,0.3297675004859963,0.07018600674256029,-0.04130474651788184,0.14133390035920604,0.2666530461027442,0.17203948695636412,0.07177529611744649,0.26015184602987756,0.03849689405197099,0.10688367213039053,0.015530760813312732,0.021352600512545342,0.05675402547224597,0.047965397306602306,0.035636495629203915,0.16801921340327003,0.06358381207501322,0.044052568187528396,0.0035623764099753335,-0.029135553851350783,0.00599079635654254,-0.03651020404412889,0.03486068387199058,0.05648497829957678,0.02124365305511134,0.04111987648566236,0.06682656130740194,0.05717788295071596,0.05296138888691969,0.10431296224211453
9,0.4470100271444064,0.44027405788202834,0.15237702640302675,0.15506950913020165,0.12699193108596946,0.2672245363712841,0.3379837353387295,0.4120068404158541,0.3177085395661824,0.44569932113962357,0.32298878184361857,0.45673272250494823,0.4539200111748651,0.41593374813330397,0.4551914501448019,0.3446489769760178,0.19387772136523412,0.44093046872139385,0.41464750516257115,0.27756862100372415,0.40922983657129,0.14324457639568683,0.4213538019446636,0.4180723165934229,0.08677056489605561,0.13720118385679275,0.06646068749861539,0.027820251492792287,0.1418493257914438,0.021461936774432182,0.149900385350466,0.44591279815707785,0.3156923404554961,0.37040278788119796,0.39431516233476893,0.291315139602954,0.4620670968451862,0.32737606563911087,0.4284845495057416,0.1728226560166389,0.026090425269943488,0.10965458927111477,0.0033488223554437755,-0.03507168474468389,0.02784364001975354,0.02597659661009188,0.0476283234129559,0.003348824547301146,0.047628316906919085,0.33885038142714685,0.14698960233951852,0.21844898864639176,0.2957217719676088,0.19677858913666404,0.33905736293835265,0.21436609241500876,0.352506269513736,0.035309818421007014,0.14804103494158363,0.24791966123735415,0.23344785976735752,0.11360406723003291,0.41839152154553344,0.3104270236722615,0.08766524822881436,-0.0255870636340589,0.12469416151709485,0.28239731947478425,0.18221147578437819,0.056475889803193416,0.2698194845925144,0.015575781176918426,0.08984121871221705,0.044854012094390106,0.031099216724739646,0.041771485301768295,0.04836027591713226,0.02976865385391709,0.17101036530452535,0.03466083251925043,0.05656669369590518,-0.008959940085798224,-0.0371404682349039,0.02804657703734572,0.0009026520452740744,0.02979926689653286,0.038677734442719325,0.007970887399178428,0.057476417556877046,0.0799658178667743,0.08248062076676785,0.04635381011077555,0.11709905848393073
10,0.44264450468226607,0.4356739502604394,0.16543908843661795,0.16386163106768356,0.1426060598084076,0.26587217994498386,0.3329099322136059,0.42105941386864865,0.30596640049007545,0.44202220763451167,0.311510412411828,0.45162869887727064,0.45571238221574456,0.4084821302988347,0.4379221916323457,0.3383002198333167,0.22607424135926918,0.44030328542525693,0.4125067444215679,0.2792026870995118,0.40967096098776934,0.1531398670271618,0.4242846913498384,0.4108411817780971,0.09858890174227174,0.14435237498522668,0.060020438660377345,0.03016498698995433,0.14195545312875188,0.05626584633298122,0.1586958556806623,0.4454312278124271,0.3068045973024667,0.3597220572279332,0.39748362203417326,0.3059131273143709,0.4745935741187814,0.32908418336849365,0.4173304398360612,0.17763994545062115,0.035996918541113636,0.11305404336689806,0.021655921433282384,-0.04796377779658666,0.020114352670733818,-0.015069421768505304,0.09109090896878479,0.02165592201167199,0.09109091175005772,0.33073923047920434,0.16933412477368645,0.20941622946160368,0.30127192910379563,0.21170605847437277,0.33789043243857386,0.19509786704485682,0.35388058714980525,0.026902234665926263,0.170657984761764,0.257647023441318,0.24358903664713225,0.10337240673450353,0.4084013620115663,0.3400844493442273,0.09681688701929106,-0.04663957820638132,0.12475557621579299,0.2748637615742414,0.18588107520684588,0.0506299995323885,0.26468580820588056,0.027059995433136374,0.08903494612409624,0.040499641887751126,0.039403038567194765,0.062317074339281756,0.05161121186926666,0.03554566501458047,0.1735409307793461,0.04752633077592816,0.039634189124942265,-0.0021058135185823925,-0.05592059900648852,0.02297426438290185,-0.039533838288659064,0.03401974409330741,0.042920159092270566,-0.0037658539865439303,0.010032729613749897,0.05947286976433803,0.06665283074440331,0.10616354201556792,0.12109613709997073
11,0.4494169595225061,0.43618316241304866,0.15267262049277375,0.14198401856237422,0.12685275719644057,0.2601052497045012,0.34479334997611333,0.4122331762089986,0.3287989145463678,0.43375052961592475,0.30719618430736545,0.4639851507715974,0.4605988537219143,0.41499041217064747,0.45252991029406964,0.3388085376580852,0.20386554601533716,0.4355141301210843,0.4057400612018983,0.26128480423178163,0.4051118925483871,0.14682923205006132,0.4163642315644046,0.4276205863022502,0.07604579860648568,0.1375936131294223,0.05031577560383873,0.02642236778032259,0.14291676725579017,0.03878367233881903,0.14342552059843355,0.4451524581840149,0.31408681270084116,0.37501488834175384,0.3936150918573826,0.3152485654785458,0.46432482833953265,0.33365283784650585,0.43697300486921187,0.1709351429041983,0.015259416360303412,0.09051889513837662,0.03827808660286702,-0.04229839940757628,-0.013491211544637933,0.03273177671461294,0.07352991162457682,0.03827808836287642,0.0735299069849123,0.3360819825016899,0.1663802100616058,0.2212051069113598,0.2917180637482221,0.20338603966891394,0.32931098010869625,0.20458980877712632,0.36187567415898353,-0.01654009520960386,0.17932006402582804,0.25679076877632595,0.24709678494285972,0.0999333947163967,0.4190982308538312,0.3396326439707555,0.05106559099749412,-0.02388210051170474,0.13746895750734264,0.2863380123157589,0.19349944224400017,0.08203283949230765,0.26917488399621486,0.010640719112910983,0.09415101377261398,0.015832771651913925,0.07668399003121953,0.060852327802746964,0.037853643769929904,0.0273621525626956,0.17665832456016467,0.016213276711704156,0.03063701068171696,-0.013884878841615215,-0.0573140113802423,-0.007180387505702888,0.01161766553118073,0.02776620523247896,0.05519731496099789,0.015925501303356463,0.02634881574974925,0.05835513965013685,0.04949875536270827,0.08393462859890909,0.0980819474802797
12,0.44227845217591405,0.4352049495015139,0.1508286214848915,0.16651226085430737,0.14770708424401546,0.2468810270597188,0.3430764399203102,0.3990930310626276,0.34547421425318514,0.43980375297705937,0.3061709353130578,0.44544320748175414,0.45844536888644055,0.4191378753634676,0.4536187471307612,0.3440821933374388,0.19767829739164577,0.4344048613135126,0.40769506526471533,0.2667762460027972,0.4035722436422651,0.1372586787042435,0.42019839051689606,0.4149825373765037,0.08865665057108267,0.13584863702272992,0.056012758733816996,-0.0034568479738455067,0.13484049496920103,0.05159233287511929,0.14986972241990432,0.4471239630228436,0.30575856894141035,0.3812311875721719,0.3739763500047061,0.3105773252205097,0.46993111447395103,0.32780127528989184,0.4146306841333033,0.1513540626808883,0.05039856675637583,0.08803674557441808,0.03156133291251579,-0.04257108061073465,0.0165679996755187,0.027759902215561717,0.0778227994115491,0.031561334025176205,0.07782279827310828,0.3273433228740964,0.1441162138059879,0.21841938097118196,0.2776815753793806,0.22489155915192255,0.33102587419070423,0.19480618965826652,0.3370499931641215,0.017291982261863178,0.14963809555596436,0.2464848513801178,0.2362083780626911,0.08398941897745815,0.42492571418981007,0.3397696529578222,0.06769136018272115,-0.02341632026126113,0.14263815162592772,0.2750218882610632,0.18345032401260197,0.05821702686662702,0.26909602995815246,-0.00834884267537305,0.11963252826102995,0.02434858378536885,0.043486279206129706,0.0825997365655229,0.04394172254301602,0.03868532274022177,0.18175888517595457,0.06132102076566611,0.05379140025440171,0.015288153464442369,-0.046940938590569616,0.03600437461055617,0.020470543242764497,0.04172915617518039,0.05255733032903602,0.021480096809843165,0.050106614288956235,0.08195119928759183,0.047322993713166714,0.07093820914083523,0.10008095864305179
13,0.43971819379967914,0.42649563462070816,0.14517990161645633,0.1496296530253634,0.13929463020035657,0.27917879624090464,0.33886014036949647,0.41483915251663606,0.29300717290511535,0.4507969553162095,0.3189710055668853,0.45452092181644543,0.4530356511163689,0.41884738583105885,0.444568170019315,0.34026703852313533,0.20096132655593,0.42651374881826215,0.39924439081500973,0.27093791878514234,0.3985923627117849,0.13773066984806964,0.4106129122223235,0.4178649118311418,0.08715622049305949,0.17393535863872042,0.07075296655526722,0.02387641571418386,0.1767654244014515,0.05940599343927593,0.18970053867927744,0.43657073014788217,0.33199959305539634,0.37200847466475817,0.3896125097723017,0.2935173608016981,0.4723274332112331,0.3145240716004022,0.4273333670041521,0.16378622589881114,0.034965911054555245,0.09237195104884671,0.030878426354665554,0.020771224405337213,0.031857802458535374,-0.019155483714119376,0.06335785103464436,0.03087842747944986,0.06335783993082378,0.3324455691282965,0.1798601628156284,0.21682156624819324,0.2910506811642371,0.15623910237807967,0.3409485469047598,0.1992935169530504,0.359668507964489,0.019555313652691055,0.1727455952045741,0.25311538490110225,0.23805748664157492,0.10330911602513945,0.4270491910617055,0.3467108611928112,0.10399719750593443,-0.017197380662708775,0.13764771010886262,0.2729487321144334,0.185099118762921,0.07226245911242554,0.26669012305810647,0.05109066994815038,0.10721542752800861,0.05853707252066962,0.06271551697378061,0.0779430087955302,0.06339371825065149,0.017591354858803317,0.16016417110111172,0.04400751005767417,0.03610167902221594,-0.002066537908179872,0.005941614764039525,0.049517867557367375,-0.02591161398757386,0.01935852854232031,0.05904023775614907,0.016823538735888325,0.07118866106255456,0.06252461318503354,0.09197238501619782,0.08132010682212545,0.10142613946223976
14,0.4592076914467324,0.4481846678862704,0.1574695550405405,0.16420344115801044,0.14287986472413683,0.26434578353438914,0.34013706058784493,0.40539130325218636,0.34116924468719545,0.44297878221224596,0.3000935814358466,0.448531606881286,0.44669616938047524,0.4163043538977734,0.4397666147507548,0.34835953387212665,0.19179519497272252,0.45028013454660165,0.4212732065733201,0.2953763614299666,0.422348646249616,0.1536092134625575,0.42879469422424454,0.4150962157131248,0.06064491629556336,0.16540427025977655,0.05766548979231748,0.008138286272266653,0.1607471204876137,0.06599955346200295,0.17679540129373478,0.45306967355959454,0.31289746455722284,0.36009631485559823,0.3741179710540816,0.3152813030932674,0.4736151875651838,0.3186282723840338,0.4239443061712738,0.1726693265098498,0.042352226495798305,0.09183122350466352,0.02010820401585506,-0.0070880307268269774,0.01979572097606543,-0.01606773991728217,0.08924157554385291,0.020108205619723762,0.08924156374612043,0.3440229554691641,0.15923647516169923,0.21989259446161272,0.28802352724324165,0.21132911102227675,0.34227969666710706,0.1931990099620001,0.3552401170693953,0.036798811605544525,0.1452060222182879,0.2457501101575117,0.23023216347705025,0.11073375124678,0.4227587130861006,0.3421373589691231,0.09858262536588397,-0.024790956022632798,0.12884976682726126,0.2733242917449491,0.18074103271825329,0.06729894106411718,0.2511000283554534,0.013429232134596403,0.08439657944768868,0.026084814355332598,0.04449797447643859,0.06406503711648073,0.026749593977195573,0.023848182380853556,0.17671396911453738,0.045523382783429385,0.05290876534865855,0.00855949613517176,-0.008259659803966323,0.030181349786217004,-0.01770129433287623,0.022303558117070167,0.03515965544485288,0.02505553971127612,0.0684892088232022,0.07382319673655005,0.10147730345431401,0.09958397424383034,0.09737909330216075
15,0.43321232951234123,0.4312841914551955,0.15886627221826183,0.15652599626843058,0.143038692283068,0.25750003728933507,0.34864393853681624,0.417166554218237,0.33011494883688475,0.44179494760508986,0.31123372727019777,0.4452145421948574,0.4622973660729243,0.4229167053359516,0.4442252936866593,0.3483662280187663,0.22257788126549533,0.43791850219525275,0.4098432603340667,0.2686587418496142,0.4037025144474115,0.14823065641335345,0.42287345411001626,0.42486754056197534,0.09182638853093833,0.1535528167263033,0.04759458152382046,0.028095965149228106,0.15833469877911263,0.05436268473615472,0.15050089263010688,0.44198143405315965,0.30785974624044316,0.3798165556359855,0.3939804145277112,0.3015217741516624,0.47402513319810885,0.32838752915847697,0.41335166981922206,0.18624846453540228,0.05623975826988248,0.1349683065970059,0.0159366370856999,-0.02116262160383875,0.04656559193537724,-0.014725608055509279,0.08002061135580571,0.015936640349417348,0.08002060363601854,0.3218261552120994,0.16036407535606792,0.2416217593833114,0.29860819285078344,0.20413020028014073,0.3338889110513924,0.19098115105607827,0.3434632208763693,0.033731123778669755,0.17858179292223592,0.2638870601764522,0.2477913375976392,0.12060144087813214,0.43893757581394366,0.34400067347327906,0.06950703481863485,-0.015271273738355089,0.12826524269926276,0.27620418843478944,0.17838163976360843,0.07162826695708484,0.26163596702883807,0.008740360081375187,0.10485518533808667,0.01861470397904246,0.07543284779467613,0.037395221329638,0.026541207153339824,0.051835357900433573,0.18797618082457468,0.03660135968945827,0.06573706292319388,0.0027534383347797204,-0.04048079931932907,0.04405890364997674,-0.013331785602746563,0.05031453405601392,0.027280709209140667,-0.0012316551040380901,0.051306621350521074,0.07304716600660068,0.06540796190945607,0.08704945747699458,0.14167607925674955
16,0.44110749250477466,0.4326061685982251,0.17361314549768478,0.1441054367712504,0.12719934493693616,0.25896561062996826,0.3431324463577114,0.3996042712864252,0.3310150091335723,0.4253552062234703,0.3014482037794224,0.44379352829819546,0.4450627150072723,0.4348578224338713,0.4469741764432398,0.33264022485945416,0.21189575070771477,0.4331762765757767,0.40788425266459116,0.2767959708974162,0.4052093894259514,0.16687796069041907,0.4142425678925557,0.4100679726688747,0.05993376782686727,0.16612578979299494,0.026495374128787278,0.04036230645000225,0.17623143866565685,0.0634090769145328,0.16362136732300941,0.4430643100901567,0.31000928890955987,0.3786947963254132,0.38466328677959555,0.3072588728219041,0.45985926769812535,0.30374952251194626,0.421501738969563,0.1644102626264292,0.032128940102905276,0.10159295404086943,0.01923494038579915,-0.006041650264532226,0.01294550256874858,-0.011800250169458354,0.052321178572248585,0.019234941725586503,0.05232117618035921,0.33557721552853254,0.14733672819657698,0.2203789946688651,0.2862492342866342,0.21497653355167007,0.32048530361683897,0.18455607668472646,0.34499252214827414,-0.02030610034574545,0.1707322708012766,0.26102509775411475,0.24499979873579988,0.11091009751483383,0.42639575584751294,0.33747500558664895,0.06840078134569012,-0.010746936247396177,0.13892743302597174,0.2690770648545803,0.19066370540018718,0.06717139003853173,0.26353264014414235,0.039144860247431267,0.09912923215641298,0.002047331124999009,0.06001695506471245,0.031041606776623976,0.044543094287979236,0.027401426725527096,0.17799511099814264,0.03396025565524059,0.04539935765425694,-0.005881566520109473,-0.012525845582338957,0.0319186095626178,-0.028798998938718765,0.026935589880483453,0.03556056087921122,-0.0033878083078813584,0.07452008305854825,0.06531062740897628,0.06437486719541212,0.044803858175100596,0.10972281667581896
17,0.4429471316058143,0.436029287042204,0.15376649391895555,0.15890247587100473,0.12907296457322068,0.26590230925197694,0.3457616362266153,0.41265568506727596,0.32945896772753647,0.4384917095409499,0.3145320759976089,0.4570347257962741,0.4471307104012475,0.40494344165401547,0.43695545872722596,0.33192830324546074,0.18944774791363578,0.437842181879353,0.4081814382610185,0.2745887081650368,0.4064759223327419,0.1439763658544787,0.41830182631753515,0.4114612654517912,0.09544414640841074,0.1422209029576826,0.04012584526872956,0.02583895782686969,0.1468846676974782,0.04740875039653912,0.1696095034419035,0.44254012057069475,0.3305596914025174,0.37193263030771334,0.38618550526945866,0.2933738898084281,0.4704128839343115,0.3220252456164999,0.43234024654333136,0.17809502773073768,0.04644428047438616,0.099255987670798,0.03031050180779787,-0.007280078581334272,-0.007683999545837346,0.008703627014072436,0.0781169854608847,0.03031050268841994,0.07811697727320574,0.33122398953059157,0.1749264802364558,0.22713169910928588,0.2811295679127068,0.18960115421511298,0.3219835718365502,0.1819146436788757,0.3573149036683233,-0.02465567982900343,0.14985614196429708,0.24644196385568556,0.22624766877807934,0.10615319323020074,0.4234546542528423,0.33693199329563756,0.0716401073203804,-0.01755158200399041,0.1480172165182736,0.2820783361955573,0.1792081722114195,0.05418036791492693,0.2671548250244799,0.022598080480840624,0.09411367654148854,0.02768336541716743,0.057803094781689233,0.02867144285769038,0.04116143873449534,0.006600897474505278,0.1736968324208869,0.043754490609284886,0.04935074626647779,-4.552833927531543e-05,-0.00825393100669462,0.0028812291296806333,-0.007246118262025026,0.007107651771703292,0.04332340787395398,-0.007470407787203824,0.03857748528443668,0.04984140348513818,0.08065385270875383,0.08607300995688982,0.11285856828384103
18,0.43728948083130764,0.434010795329773,0.13109054583749855,0.16589679410111377,0.11940359377241508,0.25784909902765824,0.3405063221950082,0.41516866755916226,0.28881063944805996,0.43541612378109806,0.30736050454674835,0.456441209119955,0.4465664354613995,0.4138988029947538,0.4481273229357544,0.3507986477008515,0.19211843132733555,0.43679048607508386,0.4100129083871196,0.2682716751510639,0.4018008287510679,0.12551565108771742,0.41729672926749173,0.41274950178197384,0.06838707398448553,0.12131116283922469,0.06069382802416183,0.005731235456016492,0.136130001501105,0.014612769648302491,0.14958503569203307,0.44177989107154725,0.3233984596454755,0.3700879845403803,0.40389578039994495,0.28665835262542216,0.46482689591881804,0.32788766714242623,0.43047155217555305,0.16695148857924735,0.017415092831772228,0.1082910716609172,0.007001587697306273,-0.018110902203408843,0.035085149042560215,-0.02173501625563097,0.07561496363121285,0.007001588308103656,0.07561496245403232,0.32836709521823515,0.14713947602276656,0.22742845650405882,0.2912170135450474,0.20094115597047751,0.3262169963160275,0.1982321336596461,0.3555959822426403,0.035602116284085585,0.14798127151404353,0.2518868702475156,0.23250539800695508,0.10207795688364238,0.42555356102130254,0.331489013694676,0.07017808757524775,0.0079122590560862,0.14374962083307619,0.27118508121594914,0.19260307226354553,0.07886021859737241,0.2658995878659812,-0.003985076494799849,0.10624007377351939,0.04444813589675882,0.07093433475941463,0.03552337132316163,0.05195386475707184,0.037068114187717514,0.17309757173682466,0.026307986073659684,0.0397873803965384,-0.011793492262527221,-0.014292611431420965,0.03206096096011521,-0.03313729392529416,0.03945548383318156,0.02456026590454922,0.005615189325591251,0.0365683846021578,0.06679184436480576,0.06882898058328747,0.08027237826216908,0.11375550315494816
19,0.45158379049697667,0.4401399529981587,0.15255448314304376,0.14384206132865612,0.14451062943070145,0.2668141526515184,0.3481816466649104,0.41832097582765837,0.314470893127222,0.4437229050425478,0.30314156041621704,0.4526012265646462,0.44996556193501613,0.41219993509346303,0.44898236607210196,0.3398206918060077,0.22185966805478533,0.43811551695949924,0.41372739660117064,0.2802823707262927,0.41163446674202275,0.1389730674741331,0.4216736833423633,0.4098963171276216,0.08473417063330604,0.1347251354387993,0.05070226126690019,0.010472718216604742,0.13957767460196177,0.04479956718155546,0.13460506725416918,0.4463026239237571,0.3156523695740848,0.3793383881303605,0.3907337876952347,0.3038696260463991,0.46925288857348835,0.32330079227468844,0.4266225740737373,0.14677543406183996,0.005947690449833432,0.09675072703182151,0.033044942956083394,-0.020760723655796537,0.03345550204706451,-0.02001282411576238,0.09368374236142953,0.03304494290096882,0.09368373821692427,0.34394605246210513,0.16779363743181844,0.22265537373967184,0.30210420199864724,0.2095035982048276,0.3390044714832583,0.1977686855128857,0.3588314624133653,-0.01484597328338711,0.15409782888009182,0.2658145493477408,0.24660875915877864,0.094640880141752,0.42253702384047415,0.336246055723363,0.06305713467062296,-0.04329881131078616,0.14345508120931375,0.2775990539343431,0.17316372153786702,0.06300493986684552,0.2592443687776123,0.020820487574023754,0.11262515721147864,0.025917952706864415,0.014585213910688826,0.03305400575504627,0.037985623011398024,0.023485213888171614,0.16022296047393939,0.013581760532508001,0.037462155963350625,0.036575745877101745,-0.024606498924281833,0.053305394238067745,-0.024561441620088616,0.02583749686121305,0.044992318878156315,0.024822785596119862,0.054152100709247177,0.056827597408692136,0.03366688284252624,0.11464721312869011,0.10561443828477247
20,0.4443108860284884,0.43537111111475896,0.18483491178469627,0.14822691952625283,0.14326543387854387,0.2441564596693943,0.3325210131981197,0.42123025084602767,0.30899581957113664,0.44545795826925244,0.3031909078994139,0.44784432958405446,0.4477196663167116,0.4199805678604211,0.44788345959998305,0.3412594502757218,0.20483053853046862,0.43643607723450223,0.4085049303675302,0.2745019544163013,0.40819131778019235,0.1792379440061989,0.41748561732838535,0.40821675736026053,0.07469255644919626,0.16177814572883767,0.038790698652898616,0.013692757433513038,0.1728031497827673,0.011736447075491013,0.17021681486719506,0.44243845070224647,0.3076220763510048,0.37615181153601956,0.3952911057511177,0.30196789935546814,0.4707374823740701,0.326575430709783,0.4095049382124626,0.16920290818128114,-0.014754528276356425,0.10371547067263451,0.03340509518386482,-0.023218078008827046,0.03101635333040239,-0.0011385929571820514,0.07358772851264661,0.033405095623769546,0.07358772032221797,0.32706816527281773,0.15224237653802974,0.2106180413510838,0.30440713807864933,0.20355455562519453,0.3327806298661766,0.17357151440829438,0.3493627667768336,0.0333790884318153,0.1758647874539093,0.27046277007381536,0.25218143444081625,0.1134896444820125,0.41913210485364044,0.34747797493565763,0.07403283534889823,-0.07062361278700705,0.150739156994922,0.27424768929502696,0.17302606680349558,0.04362493607028774,0.2721714489776996,0.04066524106098027,0.10402250905801191,0.01658896783985799,0.02245624325700768,0.07073628279063605,0.03607828419119832,0.0019662621849256194,0.16285583461076084,-0.006349671716934583,0.050350065561535436,0.005049080326913263,-0.03288095135944239,0.030767328698667457,-0.016625498744129247,0.0012973411725862307,0.05002301713194021,0.01597195641376638,0.02976186981470942,0.06270072118038307,0.0716586215309665,0.07661162918154071,0.11389466733003807
21,0.45262955302811364,0.4407181166663028,0.1651068161707862,0.14460993954333537,0.12767980750153038,0.27389371450775646,0.3351842215836704,0.41070300917611674,0.30196534802432257,0.43323257279013966,0.31227295702483415,0.44298421865622456,0.4545069099532987,0.42598970340743,0.44296747634465095,0.3275538525630977,0.20833775637602195,0.43784034971406527,0.4142573188987837,0.28787844681455127,0.4134196871661936,0.15769631959242272,0.42033363067569474,0.4200657982679629,0.09775774674865138,0.16891522314604648,0.08030230684827916,0.01998212329088244,0.16822961958103558,0.04264038872590361,0.14743785624466613,0.44500085661298955,0.3260151728954227,0.36169273543460284,0.3791833029302455,0.30736224475777685,0.4583801645169874,0.31567130385881953,0.42439613873878546,0.1785996331930603,0.04158094723731254,0.09225319078384164,0.03187004169617609,-0.02210152497388381,0.005215952872592595,-0.0088236377776693,0.0941661614518159,0.031891456794633594,0.09416615627479831,0.34801282200540723,0.16688222693110674,0.23319279513729038,0.29225852630565696,0.17852926476555972,0.3213153545391288,0.20373931084166472,0.34503229684792963,0.03081756441833307,0.1580854694181553,0.24563142209553887,0.23642881225223164,0.10603471946265085,0.42950753294800925,0.32755032393087363,0.07546904547481793,-0.02753145881187971,0.1472016153526242,0.2956819143862772,0.1909154370895462,0.06579739749452944,0.2835594926070272,0.019446584060592003,0.0740071069111906,0.053200591867577744,0.03380995811181692,0.05873866151874059,0.037248602324399395,0.057230998953410994,0.16997134638527328,0.038484639790839194,0.06790893019269345,0.01307622672713868,-0.030398941044254762,0.010183648651495679,-0.006329045590683948,0.056733604711692434,0.04828353716104246,0.018297763816575666,0.03488271516315675,0.0756718361127274,0.058580461853270725,0.0866581099133673,0.1032643815512159
22,0.45522492817698146,0.4419176740587238,0.153337189078238,0.17292693206829576,0.13205812342301979,0.27071803080989054,0.33727074807202406,0.41378352817473885,0.314988277741231,0.45020021592596504,0.3076735388665561,0.46181671970452626,0.45793341960227424,0.4205441020579242,0.44436920812475345,0.34964191121166666,0.2244093070880246,0.4441821491130048,0.42030854302927156,0.28780457986962715,0.4172688589109226,0.13779710608738685,0.4293450894447223,0.4120417770142245,0.09108368304209173,0.15323773920562786,0.06996395658909826,0.002368517783744466,0.14959920730234388,-0.00030250934838226646,0.1371185639115243,0.4505827465976024,0.3130116465844893,0.3696458244183618,0.3854913523016102,0.3011694523883154,0.4738771374637128,0.3022677830079046,0.44200383561003803,0.1470227494149249,0.049716334871296876,0.09627077656471907,0.037261915608379,0.02194523989112846,0.03271587669365075,0.02814165874208768,0.09733495757089836,0.037261914803170496,0.09733495630576361,0.34522347975401346,0.1642604853139443,0.21641240375919552,0.3021978049879858,0.2072949023654165,0.3424228315479839,0.19630496392298438,0.36108765177751123,-0.02524347194340298,0.1666493108306936,0.2498582855320601,0.23614134129376696,0.09020267229553072,0.42979442658340183,0.33758928932645543,0.06530428607175878,-0.01785381728108299,0.12565774261864915,0.27640494682902406,0.17183577508468847,0.04737347592540567,0.2582994023779157,0.03372963869409227,0.1165943790226377,0.04962706882934882,0.06334805614893889,0.07032871022819634,0.015957425784560008,0.02597232884589706,0.14815303844601888,0.039200326216099014,0.053339175350303386,0.006537663320577308,0.008926668030431689,0.0335852462810662,0.009806809628939078,0.027103693735631873,0.04729049274614974,0.015287562653091773,0.027153587482423733,0.061089503904518644,0.05628851363916943,0.08864867196855203,0.1019601302270326
23,0.4409104330321088,0.43303853352341204,0.16176773869820388,0.13082495120922183,0.1319754428353708,0.27342617151878473,0.3433920345322356,0.41072312401859495,0.3313597192498498,0.4351821964705132,0.3001328094351447,0.44922325234025096,0.4452902806580399,0.41485986284735377,0.4481074789347171,0.33635812559148254,0.221790169992245,0.4302462771892199,0.40756321427092734,0.26833725586080637,0.4050218765131565,0.15742879407401236,0.41863783480245514,0.4111674954267577,0.08450606033967582,0.1445142880974249,0.04274819736586889,0.025095443412771947,0.14595808524891266,0.08998144979602626,0.15220442333312434,0.4438329326386596,0.3187301333686316,0.3629597073431113,0.383730812826398,0.3062626451112016,0.4709077358780699,0.33939333394738447,0.4137401557334022,0.15584647805513685,0.05381209041848264,0.09523010291160272,0.04838162021210958,-0.025692603406270453,0.016490933221114303,0.013827819653843831,0.06384070711281928,0.048381620428031256,0.06384069620596299,0.329514062085587,0.16876477629601452,0.20613156896341822,0.28739610774014285,0.19662527146883435,0.3303395520669424,0.1886490361886122,0.3553561120953858,0.022406299287267107,0.17620092653532565,0.25384164568957807,0.23828079970315008,0.10539086570091392,0.4278558026927061,0.33806273145571475,0.054851633592019465,-0.04815738702204192,0.13925797681965818,0.2638463840227798,0.18547803816005135,0.08356561156515968,0.25694476826172263,0.026757357799452663,0.09114119714749944,0.02830988321661928,0.04643268960706806,0.025938292624290083,0.03508703710701235,0.01982713063216236,0.12808633711354372,0.05348657928456129,0.0669047765202815,0.03804907874449864,-0.03552973375895272,0.010648815049754099,0.007501158903915535,0.018316928573581137,0.05991803691405464,-0.008372534594524155,0.04802159461421898,0.052595943574839245,0.05029670972412491,0.06359240244386367,0.10303546552488171
24,0.441196390219909,0.4344199922176653,0.14081132775239805,0.14255441852617587,0.12787047877221522,0.27469093680498047,0.32607790640886214,0.4087450332649136,0.3105905032680651,0.43992166958673157,0.3180127046884225,0.46535499301599537,0.44624059091835483,0.4307317136224754,0.45553852515715226,0.34169728909252495,0.19936823142761498,0.43797745127595045,0.40934262721090237,0.2737595346697177,0.40326342359702444,0.13438045604047438,0.41903601280295527,0.4123345823942239,0.09272140646740099,0.18305442305010103,0.043755453836124884,0.0029162004106331315,0.18345598342945868,0.03908869388584089,0.180201874922765,0.44330001036633804,0.322086877828172,0.3705278679917381,0.3946994436966384,0.29007393228989053,0.46486823802429317,0.322309252327167,0.4312068032259312,0.16463428636850003,0.040344370037752805,0.08429644332084955,0.04171126749176841,-0.0015668816784120089,-0.0057619096289323515,-0.005574721127737086,0.07821484993422462,0.04171126750778429,0.07821484456265784,0.32810452104576243,0.17498170641203048,0.21642170636991803,0.29046135103929627,0.19834212018398928,0.3308331370631208,0.20865349982256703,0.37000373343300996,0.02294557707024533,0.18059717331298678,0.24927543612454195,0.23648740452970612,0.12352417183581003,0.42376506226736355,0.3437511930545695,0.07748509821696009,-0.07424809603099992,0.13073317430376116,0.2906185558385408,0.19828085328559575,0.08252391755032552,0.2715231552234286,0.013073867225137658,0.11631203754624762,0.027981879265339224,0.03367599808983573,0.051125354524227014,0.04304960724699344,0.005464504405272652,0.16645520903338856,0.0429153591840901,0.008260136416109249,0.02063506324730006,-0.0061384953514338,0.025185381694276848,-0.015410659847295607,0.005077250631533759,0.05490603670797687,-0.01296618432501946,0.0564262448414626,0.03317476603723007,0.06987975175401263,0.07451628943480741,0.0973207603997894
25,0.45085723445406395,0.436503459670144,0.16857663486259086,0.14430507849551238,0.13948190449471187,0.2561740839099886,0.34582850979252766,0.4123026257266483,0.32474477841763705,0.4459295519238426,0.2932743971630013,0.44988845324067056,0.4526676008556694,0.4148474685214343,0.4539720361769543,0.33433288968111696,0.19986450891589602,0.4374027873041801,0.41215059466314197,0.2872684947470407,0.41660527886250126,0.1610940384926076,0.4185333454229442,0.41926039125930864,0.06909394372120765,0.122866532643749,0.0625491922645912,0.02857231792764069,0.1397379304088293,0.04957436080232589,0.1287464869695845,0.4411429943065711,0.3126603378038608,0.3761442332184849,0.38222584755556327,0.296926566089896,0.4683459757671459,0.31889493863316515,0.4162139209420287,0.1646599990971581,0.04506411832346702,0.09665040396482874,0.039535517044212154,0.0005916737074487738,0.0038956385210651267,-0.002679019992375728,0.09890328140618962,0.03953551770196503,0.09890327723890334,0.34609840706794365,0.15563021416602144,0.2179493220333496,0.291446714220697,0.19457306512169847,0.334988963399511,0.1792166117321275,0.34840042637498647,-0.01789091190771578,0.15456608520586199,0.24824624519328334,0.22733538936252504,0.10153579208113733,0.42235729377767633,0.3390685042125919,0.05594535426116963,-0.026354742971475525,0.11610925591176352,0.2797534988938468,0.18688279404182606,0.051653779342083726,0.2735429391651197,0.009638221196708926,0.08023151568040836,0.04859858318983932,0.03333612993428718,0.04478121810355451,0.015081405412507305,0.04955256221178522,0.17520696194532925,0.036628543849136816,0.03161453175828157,0.014994636666274246,-0.011754029131325632,0.027973204957951026,-0.013402002591302429,0.04990981486716642,0.05859405208486963,-0.018765219440909673,0.03707882141791525,0.0764659287200568,0.04038276074159322,0.09365583264682913,0.10089448479862698
26,0.44846051576436424,0.4360223165873396,0.16208474909474066,0.1732519245991241,0.1246833424126902,0.26038029251268013,0.33829728604757014,0.41484617366178755,0.3285569230124983,0.4486637161965761,0.3095551123438744,0.4615302600752855,0.43962414858529614,0.42310820787206915,0.44926048292170906,0.33658243110223673,0.17590358260839192,0.43837127958635735,0.40950951780977285,0.27533991020958604,0.41072777813645206,0.1537928108515978,0.4160784930800435,0.40330999198856665,0.07639863834979431,0.12799015375066247,0.052006815288130864,0.003554103211385512,0.14066290775326765,0.011568593099550504,0.14476740852100214,0.44308628795822075,0.305402615908252,0.3736412584694627,0.38669837610355984,0.29910538360458727,0.4689712848731332,0.33046649152339613,0.4273943430043964,0.1709234172731605,0.026528846589949855,0.09584028692518891,0.05996030026739817,-0.03542853624092612,0.02005997762758871,-0.02680347077403062,0.09438624528228415,0.05996030206637105,0.09438624063518988,0.3346200756238313,0.15615793012388238,0.21317319840894697,0.3113043588382084,0.19592831699322044,0.3432579609387655,0.2069601348606061,0.35642597551827737,-0.029641071124681066,0.14885698497418237,0.2565805215560659,0.23731265757960945,0.10967517126893007,0.4265707963985171,0.3439152248557105,0.06574678268866634,-0.03320570935374244,0.13504271500991294,0.2636203020052417,0.1636149608593592,0.07394298790402173,0.25786570520699087,0.01418059752773718,0.10963842359867189,0.05267149251627173,0.030437196280576125,0.04725999935694866,0.059566296467017305,0.04358692501319331,0.1847089234149664,0.03682195938044011,0.04553194530119048,0.04235188728394504,-0.026579209968311965,0.004261614781323177,-0.034724768082848745,0.04325476814001947,0.05559795174500239,-0.00010004930473810483,0.023238258908253758,0.0642420130645249,0.04842845517560285,0.0994057787843388,0.10405324073947157
27,0.4487721977382162,0.4441477963978823,0.16321651146437674,0.15326933453568461,0.12824675364283397,0.24809186574579808,0.3252928143938278,0.4158508630578495,0.3024992313429597,0.4455942150349036,0.29726594988374394,0.4519801294019355,0.45843054456296417,0.4105103397937141,0.4414962747441125,0.34275804143570454,0.20705890720855272,0.4365378598158459,0.41542758266641594,0.28392873110565486,0.4086094232188603,0.15753259307431366,0.4194564147850493,0.42466489548044467,0.09324060573286605,0.15693867403935646,0.04007719407279713,0.020672145910318393,0.16000795985443014,-0.00031227566487116907,0.15905829344170025,0.445905780836307,0.3114903510713418,0.36911810695945235,0.3881676284559076,0.27568437052042055,0.4582555211861609,0.31433556425080883,0.423725985509874,0.1667116991582896,0.02116331062146666,0.08710007972553362,0.031437470510562254,-0.028354418053731942,0.017084533646806507,0.008095877917316271,0.06395644149051452,0.03143747177084063,0.06395643213027241,0.34293061224609445,0.1495323453864327,0.19530884942312118,0.30114244013374236,0.1742064891444645,0.33311542853402365,0.1957780783367927,0.3495407877225455,0.0026384781288876368,0.16632995203115364,0.25892738934006,0.2442461506011335,0.10692981667043186,0.4145458466606425,0.33222466541759454,0.06351969331977433,-0.016895543138346077,0.13954484155604768,0.27026072016086466,0.19047301354494814,0.08576254576250435,0.25243903054484107,0.047020096261649505,0.07849057290049834,0.03922650533675565,0.05020009464438579,0.05821820483662353,0.06671820664375808,-0.0014342462123982636,0.1597014136051567,0.009475082176503917,0.03814913778503574,3.987720202346467e-05,-0.03237158699172862,0.028965088390935933,-0.017787406557769878,-0.0001290036329791867,0.048272923768609796,0.025789335939865474,0.03084261656333919,0.029758607611765308,0.07306320973218865,0.0786879684373271,0.09547610062977109
28,0.4474275831019771,0.4373403096324086,0.12529961759801808,0.14939737159166075,0.14336478835745467,0.25778390341285456,0.3435759712034952,0.40426440779233214,0.3361124283790917,0.4240862973680552,0.31762926966479177,0.4543569052527856,0.4502688789081178,0.4289826923154449,0.4507666848937663,0.3434965656886992,0.22441146702775405,0.44157630988138125,0.4103116009121025,0.27738838468981397,0.4092361161688183,0.12072104729702997,0.425217614545528,0.41857629275032593,0.07501602446572375,0.13618709193006423,0.06603365080557336,0.007524964120647004,0.14701356926005174,0.0389289515737558,0.1572711642098773,0.4480985747791067,0.3273578704992284,0.3718815012140261,0.3826754293529231,0.3078839767973005,0.4549017447236291,0.3243607774689795,0.4216499590762266,0.14863164015451508,0.04028924204548369,0.10598168594642647,0.012971855327943718,-0.0427484496972297,0.02161782670538717,0.0013612538882432927,0.08477065154191406,0.01297185665482918,0.0847270204284333,0.33611226710161246,0.15286290163278732,0.21509929463243158,0.2829932923824153,0.20466898471446032,0.3150592055501269,0.20061783982364836,0.36288782818001475,0.008704267561838902,0.16964478141932532,0.26899102449131124,0.25638839856261325,0.07905331924790128,0.4198407145069709,0.34107913252791006,0.06340202457387391,-0.0394030206316784,0.11892477074384453,0.258619927088459,0.16122879591338588,0.04834930238906151,0.2507144796961552,-0.004171503463831993,0.09835069163042365,0.04418134104372212,0.04324200753946147,0.06303179275861677,0.020791362025063816,0.022440098960278237,0.13515571815630037,0.04255410107450956,0.026554350107138837,-0.0034035484844978634,-0.03400199073443557,0.03275893067368599,-0.01732097397616847,0.0221592530936909,0.031078747631485173,-0.01810790396855998,0.04265281101718665,0.057262079456710316,0.06646418512589172,0.09461106638134399,0.11253499047334706
29,0.435657592709355,0.42540305629223957,0.16306430038561195,0.1690126602030807,0.146972782117827,0.26564819198371087,0.3483659273414103,0.4173502587933175,0.3070735304155703,0.43880792710677213,0.2805977664130731,0.4510611983119375,0.44739455019123,0.4190388612533533,0.4406526214385832,0.3417867366021515,0.19341650165858154,0.43251703682435166,0.4002686650244418,0.26128459149252764,0.400187542820371,0.1477093954522625,0.41109590846600347,0.4094430955711791,0.0872062551747889,0.13006663490755657,0.07513181980747116,0.021933036503589003,0.13221692453923914,0.034704794766834204,0.14649551304826947,0.4351375578371699,0.3330762582067418,0.36878739576563835,0.3947967594954735,0.29508747251370965,0.4670199826634075,0.29476190846448397,0.42387782748498115,0.1585179368114578,0.02455332594771556,0.08784109472031121,0.03453517449310085,0.021481856074231146,0.02228161607275026,-0.011473596710602472,0.07841677827341016,0.03453517587193197,0.07841676796491182,0.31875422614802723,0.16602034142296648,0.2278767942696855,0.30050557634467867,0.21269945484550992,0.32695449074954813,0.18148178182410463,0.3534635467006257,0.03516109946561445,0.1535691519772832,0.23720016192311205,0.21895820559130197,0.1288259079219977,0.43561023217101247,0.3382016072771984,0.09440154659201544,-0.04943144378078854,0.12238399274534621,0.26065681642043825,0.1836355944488114,0.07738385866139001,0.2513857646413174,0.01840340093706941,0.09829598055359226,0.039452609402152096,0.045363891692978685,0.07636764715790088,0.07259142302705723,0.06548850565095042,0.1622567276795924,0.02127121992738399,0.07108384706916872,0.022232269733254158,0.007745243020742029,0.013912663159277097,-0.022389040230756323,0.06322039752742788,0.0504974318843858,-0.0011115527642009744,0.07169389667984721,0.09497748129949461,0.06678753336216929,0.10088366419828475,0.09485037904200949
30,0.4431005100102004,0.43233006443443095,0.15849708460062423,0.16330542377578666,0.14641507463672962,0.2715094976176231,0.3453026129949034,0.40407037682636393,0.31941064000607944,0.4391878379633546,0.30625093688204713,0.44806184791451276,0.4506958260369266,0.41872488935471114,0.4375057647170526,0.3377467353583596,0.21036063374649597,0.4325142938785253,0.40498933391275227,0.2674332774021052,0.4037761197204393,0.14682395845615162,0.41485919911566455,0.41153975483262667,0.07444235608024304,0.12389817119676302,0.054077376795053006,0.025619522202018175,0.13149331344565765,0.029837892555149632,0.15745004405528845,0.438349548166499,0.3143151006187602,0.37695823570577336,0.36793421941345755,0.29069826528152626,0.4538037036638973,0.3153293205646905,0.4234128951593329,0.16154795488242715,0.02720652103183581,0.1065374012026521,0.06685188181562707,0.0033621717262649325,0.02471881441658656,0.002814784856489968,0.06369987755247737,0.06685188097712402,0.06369986286964976,0.3306871743532871,0.16060131317167708,0.2190279101710942,0.2770808425828388,0.19414036357580666,0.3277393871976363,0.18694914284338307,0.3443456158578563,-0.006833434146619218,0.16788719113356834,0.2558701504232765,0.23931007089556117,0.10167492197418368,0.424034909383572,0.34697571631412394,0.08721888815435747,-0.006063800318434942,0.12871623536704221,0.26809222879536126,0.1846270781954251,0.0586920880687094,0.25929479776685027,0.04536686778888524,0.08361866724600682,0.027482901357228896,0.0225637839249172,0.047396377363918434,0.049019442598308455,0.03584212130266008,0.16851095461908108,0.019304299054697962,0.05543534320758214,0.03432641272921548,-0.005955024010921195,0.03473580335204332,-0.010611424423232053,0.03221808940314707,0.059950078798989295,0.008458188063772883,0.044619621436140164,0.06268999800608946,0.06063657091228314,0.06902482265383839,0.11681804022295254
31,0.44011007175911987,0.42323591651174075,0.13118248529344434,0.12010746200824274,0.10584668914367135,0.2527566045641811,0.33554818125877567,0.40790505330890253,0.33873497057432955,0.4472925874739921,0.2898045554769145,0.46247154529436596,0.4560753976989226,0.40098531914288116,0.4406175852042614,0.32854419613990865,0.18020456348610622,0.42602661668275116,0.39441275950362087,0.26414161454615914,0.3974807340215446,0.1302975144643457,0.4057828401992978,0.4121293587516634,0.05314201806290085,0.15620828367884032,0.03510438654270733,0.006849541183193085,0.15948991633365164,0.03207116302776528,0.1543234855543382,0.4329650865701987,0.3079809007167674,0.3714719660813018,0.38491363282673463,0.3182195658443711,0.4714759560039189,0.3168649144459217,0.4290709202213315,0.15543462882129042,0.010009144043407548,0.11921196830696534,0.012742332218830183,-0.010075767405289243,0.04425224865988787,-0.01842595864383089,0.07906597189807231,0.01274233254123712,0.07906595921813109,0.32915241391207506,0.15936798568194127,0.2214279396881585,0.2863340560921105,0.19922495630822393,0.3418050932414583,0.18409108578201328,0.37519535544087457,0.009338198277491355,0.16486092871299748,0.23131927439749406,0.21772855649095357,0.08071576305444773,0.4071017668951653,0.3418421551344146,0.03327168765441175,-0.06845962882591652,0.12726099096743693,0.24408478662439145,0.16028469903893644,0.05870144576241061,0.2372024884097696,0.02538852498274215,0.08517986955286656,0.04928081563555125,0.028627580727885522,0.04257058771373798,0.026600752756330382,0.03195633170387006,0.14134546967079603,0.017689183792483666,0.08803402855736168,-0.0231758534350868,-0.020445199847662018,0.03176757795293119,-0.020923066117407765,0.030461877191771604,0.048431382175557154,-0.012528422312733784,0.027930860970272045,0.07379777730020562,0.02831906268993439,0.08188071291648354,0.12259378168447892
32,0.4432978596419816,0.4387274213893557,0.15619238141708922,0.1554889249696104,0.11641482355177159,0.24701337852246488,0.3533323430175162,0.42393128728141016,0.30199971864465786,0.44303234498094163,0.31071996024123666,0.44179896018340303,0.4515879878181933,0.4184801693157759,0.4472034953924359,0.332412413503374,0.2080831365332958,0.44537371440681767,0.4165554429658952,0.2759101006277182,0.40876634610392937,0.14545354879369965,0.4295179349061861,0.4200568597590388,0.09071409640408142,0.16404264948024783,0.07444956307253549,0.016465308520087558,0.16731275041185326,0.07522037635531673,0.13887599822402244,0.4487925246119308,0.30082946062786753,0.38231116939870907,0.4101624005080633,0.2871461443515952,0.47301091943843776,0.3226038917798482,0.4188945982183061,0.15986099252704652,0.05276276453635731,0.09916265082868188,0.05588136670387476,-0.015421902574906055,-0.002771695163161241,0.024868381476617737,0.10343215352634767,0.055881367062432186,0.10343214655298798,0.32772625802706534,0.14479440546384995,0.2366077257430868,0.30130526792923806,0.19208267238103488,0.33352443566076284,0.19840089383402643,0.33851782727098667,-0.02802080009633664,0.18707251757824375,0.2690662756960568,0.2599868950213225,0.06236243084786873,0.41992921422027846,0.34750453995586583,0.05382349862024425,-0.008472331458044024,0.13195167446966677,0.26003315200424587,0.1873546229334181,0.05870405213536139,0.2488044387368312,0.02787020793219787,0.10768892497803075,0.02168026307318365,0.03429104640806133,0.038019548595999965,0.026338907930085757,0.016389756690123842,0.1631081849662305,0.04857218592318708,0.03115635791527793,0.03802046647409856,-0.01988915742840679,0.03325611162041679,0.02171988713506332,0.016811922502178937,0.07986683294269623,-0.010692298758355648,0.04214927097582617,0.056530211169507426,0.046929018454061444,0.09472073973965145,0.10786366897816636
33,0.4354842495948141,0.4294054565525316,0.17350963586130252,0.15059925334063531,0.1352458340847984,0.23863031062379975,0.32847821517732945,0.4164321162240947,0.3183829863300615,0.43392543573486275,0.3053517929408041,0.45069192077213827,0.4542925907270147,0.4159542275824387,0.44061126930959693,0.34272998336721594,0.19374565675531455,0.43543390276514937,0.4079338485848286,0.26312831823967764,0.40149592171016235,0.1638568368987899,0.41870838189095444,0.4187997777615044,0.076306599334341,0.16183450688996037,0.05268556339012744,0.017644753898180984,0.16858333161075761,0.043396248423279146,0.14951607419515597,0.4411393072513758,0.29688830004404587,0.3602442819740696,0.389974939224558,0.316698703581941,0.4630611988376617,0.3363683255066637,0.42336075320736627,0.16972132705881113,0.016406152488245868,0.10605804545377451,0.01557346220525841,-0.060989914400610495,0.02415755369441393,0.014241434325048163,0.07494420788446163,0.015573464559489207,0.0749441956252969,0.31452289419274715,0.13478375990916788,0.19051428113440372,0.2967134610184343,0.20826869081028396,0.3309986957082193,0.18503155350364306,0.35752096958635543,0.0010912654530069,0.17761368778143874,0.25510237513422995,0.2442434962354762,0.09152457818371934,0.4140768746782756,0.3484115772893795,0.06521291373837404,-0.020464938901431192,0.1276519562717287,0.25917156801211494,0.18176061761215342,0.06079331815051741,0.2544859552626706,0.02533198174966957,0.09809011595801631,0.03707975752811277,0.058228950489455186,0.041407236917416365,-0.0008071667818286125,0.04742831336063243,0.165500686037122,0.018813671063331216,0.05159761175261318,-0.013428820271900286,-0.06974921683856074,0.023225401483398796,0.004297814834448773,0.04903962984912207,0.027068498680126077,0.03562602948642749,0.052657954391106605,0.08640062313747657,0.05008359613830837,0.08714426842607853,0.1140920298053499
34,0.442887176769546,0.43193534532038785,0.15700003306996993,0.14924210161296167,0.13034023004352474,0.2694633968736264,0.3416530135235675,0.4053144544743844,0.3040775806516019,0.4437647198623737,0.3107907776165846,0.4494326444891933,0.4487193888512368,0.4122624061850821,0.4517244170514507,0.3461680477237593,0.1979642014939758,0.4332685708471255,0.4051482868963674,0.2740749715440187,0.40385183513500367,0.15192184634278755,0.41381133395877967,0.4163073151682483,0.06861776468474752,0.11599809382723264,0.040938865554441886,0.020171625732084128,0.12368076354277756,0.025341155114602092,0.12543068772174326,0.4390971994472423,0.3176893076723907,0.37368265379645804,0.3909904097931533,0.2985844078954582,0.47558783761850326,0.3304301802381169,0.4325559730502604,0.14098409450939306,0.031308148650936805,0.08067276443031646,0.02087773751461276,-0.02277053734097845,-0.0018587508742779933,0.009692418593120986,0.08393689200719011,0.020877736755939628,0.08393687783674243,0.33142768610183315,0.17004844209143363,0.20478724937028897,0.2923717591808514,0.18753090914653536,0.324869490675467,0.1990764571301071,0.3469265480565247,0.0061582649829508476,0.17460646477415845,0.2493475040701607,0.24161747767945094,0.09790094607253895,0.4212692200816396,0.3333260951078999,0.059834140400217575,-0.01134225220140102,0.1365723301553726,0.27557125257201465,0.19969269145308396,0.06953595425191635,0.26177056043818503,-0.011635293707162016,0.13737043036223523,0.04156424250422651,0.04106890909129962,0.03113852292031699,0.05032214171861228,0.029551648678472202,0.1471213795372586,0.02923223520566779,0.02920205091249371,0.0072535348468338885,-0.015052095416598429,0.023979526425739257,0.0043275446973934095,0.029064258554012068,0.032543331400906476,-0.0044159771901034935,0.04818613580539611,0.07619767068500341,0.0448935031246042,0.08041667166703934,0.09291884495799349
35,0.4473125079593134,0.44210025258006774,0.15902571917728245,0.16146382013162414,0.15133224331909664,0.2568856400473403,0.336200520725389,0.41853444716299565,0.3286756765170089,0.43973923554781696,0.30820714500847823,0.4519659440155801,0.45302507665815006,0.41809104605666586,0.4468830701045004,0.32248372103694006,0.20276652368973277,0.4431001479599586,0.4138680379444314,0.27193196336872305,0.40755549717845035,0.14351603858831297,0.42505041002226307,0.41681571181568616,0.08643837879971197,0.14400298649611196,0.052554781567979034,0.012284858984941463,0.15101080448409354,0.04921652163306328,0.1484822409241858,0.4495614208042988,0.30885624651030696,0.3640607711212138,0.3952743749485876,0.3104909339411477,0.47280936188694667,0.3146222491506923,0.42816406928954565,0.18391445173568977,0.03957016851361708,0.109483728882664,0.019292498927521273,-0.012933321275715611,0.013263427063538768,0.023471382041713323,0.07416835821418921,0.019292500121304762,0.07416834622026156,0.3317622985892824,0.1476152417061291,0.2158514138479781,0.3007842806012245,0.2103284988807004,0.33172175162947143,0.22046357644649975,0.35459962482229246,0.007639794122103437,0.16936273839996135,0.2564706743681258,0.2366057739351982,0.0922503112892022,0.41547050113983525,0.3467161398232582,0.05343432006566346,-0.0314821768727614,0.11290235777935687,0.2736885815171445,0.1550256498688163,0.04739446582240895,0.26038332703674394,0.014409458472166665,0.12084053058869637,0.024992570855034722,0.05865546941049467,0.038619673452342934,0.0304329789942963,0.047997546233247916,0.18891013755869024,0.045226584144867105,0.05054381285049038,0.008053751184894513,-0.015373101939044861,0.02653166290644025,0.011017702898355648,0.047631560296182165,0.03765304914510728,0.01937181546325075,0.041965495184195546,0.08029939822916336,0.04308357268026997,0.07638064176763686,0.1191601486784969
36,0.45182906625064695,0.4399185226325811,0.1338269344280457,0.15260240777713738,0.1507736846856735,0.27241260613868257,0.3470550735267519,0.4203711575435296,0.29572488325480073,0.44603764890480535,0.32413637033691495,0.4435607099350244,0.4538509826723513,0.42257311967072947,0.45047461894563945,0.3503551081360562,0.21396845660510716,0.44503891115818917,0.41864930029878855,0.28691186569815674,0.41730277075721467,0.1240169670860615,0.42863012316198185,0.4154055063600814,0.06768892094155268,0.13076437861438017,0.04056008253814011,-0.013590245846617046,0.13630076754856943,0.04548353455679199,0.14946512786167046,0.44752442849757457,0.3245055769710163,0.38108513680992273,0.3914981619295878,0.27695343859656446,0.4778363026717697,0.3263621959944987,0.4235777203800753,0.15475852643952043,0.03920617543439239,0.07065768009664321,0.030913256432995133,-0.021769536295533402,-0.004263596543558329,0.011373875723633709,0.10131045408277166,0.030913256338198133,0.10114715417905946,0.3460877059897426,0.16016055681874677,0.22891020999710734,0.3005072646082265,0.1898448697926447,0.33414397647713384,0.21081319851948915,0.3357135423605653,0.0034428714150644083,0.17292677330055148,0.2588058618488451,0.24170949281374798,0.09063217049417215,0.41647954502725487,0.34686447946549265,0.06294541649085593,0.006036229254073466,0.1418436501798773,0.27374982107973767,0.19707130584606797,0.07448792858809096,0.2700035313983312,0.03633787631647605,0.11573398960459301,0.06325815778742643,0.034810657282658204,0.04848680139765083,0.02289355253522571,0.038532658095517716,0.15900261768891236,0.038377968624945864,0.02908377067682914,0.007362925762902227,-0.03417011003250318,0.016917218429233268,-0.007133629565189192,0.04010881399722895,0.04022302093543508,-0.010764117313763458,0.06648087149890723,0.07364709920785488,0.043682635787918575,0.0999877704953542,0.07624206222433894
37,0.4190319634801928,0.4169568463351176,0.1602772863400856,0.14876361007346262,0.13343836359449227,0.26179544584676245,0.3443451518755701,0.4129346379784639,0.3053776389893928,0.4413547737283072,0.3110792382491089,0.4497626931044499,0.4513431410560926,0.411651803005488,0.4365894551218466,0.3468496995669481,0.2169628952068099,0.4151065247033461,0.3902800132973997,0.24041483208636755,0.38258771030582645,0.14465352762135614,0.40509658912646235,0.4139746576175879,0.10857792942535563,0.12143347060915335,0.09022264085707243,0.007924978954540722,0.1344442818548409,0.032405772437047,0.12678867753652637,0.4299186651362282,0.30701466519034903,0.3794471324136105,0.3935765654986978,0.29776396595833277,0.47734615098544925,0.31736353547698715,0.4258413535042063,0.1803780992961007,0.01606281932708058,0.10210116681663964,0.05916312713714956,0.007405440318714579,0.004993271842444997,0.013345553665886191,0.08451470266552044,0.05916312848606214,0.08451469527251812,0.3014474245180763,0.16358561768641014,0.21497258835327018,0.2965246629104354,0.18402271733587997,0.3376684340804057,0.2054122227949558,0.34551006284910984,-0.02018801891553839,0.17881084806200967,0.266337482852675,0.2565279117518894,0.09859670558525475,0.42158399887473724,0.34295898812859865,0.031563759322659236,-0.011559671127664529,0.13085983266821646,0.2742663320623175,0.18933607371887318,0.07605346607127164,0.2685000775708457,0.02439667780379904,0.11577246539131833,0.019733038308100293,0.008026809425913797,0.058680010466681545,0.05551973507133092,0.015285543938899278,0.1628889633073084,0.0006759086896368019,0.0572125053334976,0.015878285435489574,-0.0008666921401783733,0.03077991541124832,-0.00538686078736242,0.01668977345825418,0.06793180311528618,0.004108481214990916,0.015498929225133105,0.0509049988312158,0.025517048917866467,0.08080478134059353,0.11148008692894759
38,0.427135304833569,0.426840659242853,0.16772283817160005,0.13982775372993517,0.11967197865578887,0.26390935628725026,0.32908248498932074,0.41063704423475356,0.32582155727744766,0.44332794460283625,0.3000480425851743,0.4565257679997214,0.46132243251200405,0.41526750837155396,0.4496873720129596,0.3378618289809401,0.20587824646637798,0.43762283943559627,0.4062816644389735,0.253688207299264,0.39309958220285346,0.1602567044805268,0.4206301856495937,0.42459759016781135,0.08983819445580946,0.17358254781442603,0.040309998393176616,-0.006115689991698264,0.1627877694598258,0.047991521143869606,0.13621771697692886,0.4406422114588842,0.3146944005279469,0.3660938551236282,0.3814095873834038,0.3297814615536895,0.4698889170310225,0.3177495371024394,0.4374840812770584,0.1688784491830347,0.06828548229330762,0.08711981617558438,0.019641908899988975,-0.0385124142583569,0.00016189998692170445,0.010107294135337612,0.08932152409120445,0.01964190993516003,0.0893215164292117,0.30738183275601827,0.17480378097967597,0.2020431452021555,0.2829872087804068,0.20471078387490133,0.33389871200676896,0.188275726590943,0.3542191186172399,0.012388674420974756,0.16516589871921336,0.2582691121831693,0.23993855220290522,0.09318549227732997,0.43241387494680944,0.3233935128505647,0.04710635397581298,-0.07274898847342645,0.13914758022394547,0.26813898403195224,0.15393042425338782,0.04619806382563625,0.2588834704651269,0.03291611481772618,0.09070695806768167,0.006179620217713567,0.0552999993928506,0.03187875961608449,0.03286166830881443,-0.007909392369848996,0.17638130266134608,0.060443760444170186,0.039603045137545874,-0.012307770774912285,-0.035634435832264194,0.02841263024011979,-0.013989343276573009,-0.00969539878241548,0.04000154514643703,-0.005867860041841008,0.014968736135899623,0.015864956346248866,0.022568654221969416,0.10389435391052529,0.09545116471961843
39,0.44710448703314704,0.4396977030875973,0.15693600372256314,0.18143550648523832,0.15762172672633945,0.27523217637411673,0.31998320683637965,0.41452560039122166,0.32702593036358896,0.4484943418132774,0.3155001689748307,0.4464981790430711,0.4481203411826557,0.4148338548823309,0.4443294581299732,0.3299197160713297,0.20583713781624569,0.44188942857165636,0.4133825952512573,0.282502317278661,0.41071815264564737,0.15134975421126579,0.4239402173718724,0.4114528298891837,0.0980573923825948,0.138785069016494,0.0849568426102556,0.0044221378103912095,0.14925684103528475,0.026182263543706768,0.13476300275246197,0.45122121084485894,0.32549670799377367,0.3632807782495745,0.3908898367167157,0.2864015526973466,0.4601702400124134,0.32279481741983934,0.42241877835522484,0.15451837595717827,0.0322288593922948,0.0857613868758254,0.0017956496082885416,-0.019550402270421863,0.0013506431441977183,-0.0014851383023769128,0.06893773759664386,0.0017956517999522883,0.06898502059774554,0.3448739098054332,0.17561267682192067,0.19437916897322982,0.2897027893977192,0.18176406725297725,0.34113013865582165,0.20436156192658658,0.3466570077273466,0.00043363683701809697,0.1657432982397489,0.2651869765799106,0.24734916706188842,0.11787080564323382,0.41881693071027537,0.3378364165939171,0.07787012892822802,-0.016784752859597497,0.1296460540539126,0.2685896116166846,0.18998783890832913,0.07037185230632875,0.2522863214677928,0.02879981985737715,0.10000601268847356,0.02856395965047276,0.04077010030563312,0.07133020988496037,0.038389636100633236,0.03100061942612667,0.18196082075317305,0.016063116104385548,0.05003390420108464,-0.0142433255126902,-0.02557876550934317,0.02627297450297208,-0.0032835744455514473,0.029561680850936346,0.01436375925105612,0.02780852798320038,0.06672574214974446,0.058930228243576924,0.05064784368238067,0.07593733453045762,0.09395519120537209
40,0.4466024604357389,0.44095160384269344,0.16117528530139416,0.1600780256033081,0.12247150925903694,0.2742807277629768,0.34068915681541545,0.4067197681172532,0.31087433981581963,0.4349715478006088,0.3010830382805426,0.45354289898211103,0.4497203326986991,0.42203034507498477,0.4484777165871647,0.3390411879992402,0.20421344500604802,0.44312550464171396,0.4165618206086024,0.29393439341496114,0.4145785793269648,0.14819790304407396,0.42525876492224385,0.4100590031827992,0.08494288902691585,0.14790776333250694,0.05348918796597065,-0.011359856901746833,0.15582791102758742,0.022508659644948706,0.14848320287508066,0.44831321974345,0.3091444795042492,0.363557587939378,0.3860139729942014,0.30403360486093983,0.47134662197676624,0.3207630057498044,0.4352518896833689,0.1617915463957808,0.044832259706310496,0.0917597374685339,0.033915881517588224,-0.015382267556154476,0.019658656071441464,-0.02387530699635538,0.08359016896672565,0.03398183601135845,0.08359016419958262,0.342603753298169,0.17843839907858183,0.2193800191907306,0.28458850835183985,0.18054237008947255,0.32744316355482583,0.1885932718515809,0.3513837497285491,0.0022522763182213604,0.16988895681425262,0.25810046968801326,0.24865355484617546,0.1030118430751855,0.4298161747276299,0.35015591407727736,0.0596712606515875,-0.024681769997898877,0.12333188468331256,0.25067863387628136,0.17015571587872663,0.05032570724753262,0.24269162572091427,0.03259132286567718,0.08520172626927314,0.014002928988991255,0.04436853283106622,0.05253142297987589,0.05981078749641612,0.012814604219234308,0.1689233798607442,0.03922027815245996,0.024307910870129307,0.00026931228059980854,-0.027956108674809677,0.00474907154254908,-0.030143505256203296,0.011479562763018397,0.05302744994349198,0.003914331763442567,0.03751292829789015,0.03812504039167462,0.03972800004141943,0.0855102461827677,0.10120815186726626
41,0.4263705060854061,0.417371996509855,0.1373652501330009,0.13249447756999655,0.1330235767264833,0.27006649035101044,0.33310946495230265,0.39874204364088767,0.2953934566122924,0.4217487236033498,0.3160871517588548,0.44939838076165944,0.4498733788660635,0.3999813017918902,0.4380467416714471,0.33722935715389357,0.20161870072492696,0.43005069596390244,0.3978512035861731,0.26656451633712025,0.3943273820595818,0.13038216329649358,0.4135895334630715,0.4139156578731994,0.09201976973197956,0.1654365428730938,0.06309128687455347,0.028692759695080988,0.162710853980677,0.05961053045051513,0.1506950769572957,0.4333099492352206,0.31486997742024486,0.37441342131012206,0.3956588413350244,0.3102747324149757,0.4600133006850513,0.32073962603304906,0.41674885618213947,0.14970976353169033,0.04171465978898688,0.08860285160281728,0.019204904417006115,-0.00403758664038421,0.01658410687712313,-0.014858804214818902,0.09313106095657896,0.01920490537312808,0.09313105479468355,0.3193428108960358,0.17561439634931003,0.20446581467430325,0.2800860276733703,0.17692459600442395,0.3120841603258007,0.2060279020387171,0.3594130928079086,0.016826962471436255,0.1416803208173841,0.24186863561134134,0.22480275724830953,0.10423580879900883,0.4213873492749377,0.3391261958030291,0.07718270565554398,-0.030931536287417166,0.14688338479335517,0.26087961484944217,0.18048624054655044,0.044558754749803996,0.25102895247333024,0.010647090722170342,0.06325245297507118,0.05259090611792296,0.040625948475533406,0.06280151651649718,-0.0008778804386704854,0.022135324506743853,0.14283694913293535,0.047831841106928626,0.07102376634683319,0.013544713082917225,-0.01101217433333332,0.027623774773453614,-0.024350696069484198,0.0226821053743011,0.04060389544119424,0.014507251988285192,0.04800958750459289,0.043556412222517396,0.05204123834639525,0.10852597474104074,0.09388298809571521
42,0.44863953108026194,0.43760686977565055,0.15290496921863436,0.15958540928356613,0.1460800601590961,0.26275079474037094,0.32905669145001243,0.41556451654064186,0.32506925955810473,0.4331211263301303,0.31647169519588214,0.456821886635148,0.44470735924598875,0.41742096887015956,0.44177027224287185,0.33550360452710115,0.21036645896381648,0.4405793456719742,0.4139279086408442,0.2858276710811341,0.41404885444972284,0.1344497647518689,0.4219719145744422,0.40457922020234904,0.05451936832705894,0.11665922433352938,0.05058297414106294,0.037438068559978444,0.12719361694690526,0.05042223597515353,0.13237239824007424,0.4454460533830548,0.311193894696846,0.3715338133365223,0.39435946636009994,0.29321518475298247,0.4596363819969237,0.32632162932669234,0.43596480213565975,0.17179960745469783,0.037322917521090695,0.10412434733873865,0.04608593575891298,-0.028962338698128816,0.0202222697580964,0.03358938313130408,0.07747319747822674,0.046085936778483015,0.07747318902295756,0.3342333564979039,0.17113090670646616,0.19797694760159032,0.28176489884138844,0.1887891948182422,0.3208944205132574,0.2080176637171277,0.34786912288366684,0.037569391522972624,0.17626568708555862,0.27407373394237,0.25534635381928106,0.09780718837409438,0.4284285153310652,0.3476072070775373,0.06392967920366793,-0.024527110352330517,0.11984087535225191,0.2751680553361604,0.1985666413619116,0.09475014869545195,0.2655795959304348,0.009101355582319389,0.10337450716924963,0.033365277832682276,0.02927993898184601,0.06596841660734827,0.053783036747975854,0.055930480516261684,0.16387152306549446,0.05444704172149705,0.08140365979337855,0.013727707192392517,-0.040411574991767035,0.004147536146380159,0.020896307053815816,0.05801472840845946,0.05284876862877164,0.01822993676182038,0.01527282062842957,0.08067410565073546,0.03376975934598121,0.07508631350786496,0.11128332369812377
43,0.4435655024918025,0.4305513291683751,0.12539563906093956,0.13808556246049616,0.14370112491722073,0.2679612987524912,0.3521197114050766,0.40992574298152923,0.31295263392036615,0.4425556116633666,0.29143563855340143,0.4468840929029136,0.45205820933051394,0.42045772983838875,0.4505828054467948,0.34175098340058174,0.21013275752057242,0.4355560263784304,0.4044306281190613,0.2732240966640127,0.403704904455504,0.11835295599350315,0.4177054609321465,0.40897005456100777,0.09259490136338928,0.1619278905592398,0.05998420793022957,0.006633192491313648,0.17074454305563463,0.020533779078556476,0.16915253505847064,0.4410472086748913,0.3293708918200999,0.3845203202495641,0.3879096750425372,0.3088146617626338,0.47443358127139496,0.29401876537108246,0.41616507148606313,0.15939625090739654,0.030685832532836837,0.10806550742310468,0.019797576423918113,-0.02903104055995121,0.02780022754344094,0.010852317937689553,0.08397320754318584,0.01979757589886649,0.08397319551586252,0.3316289436188385,0.1727177413721624,0.23427928540507437,0.2953002575226569,0.2060502111509701,0.34141694160076635,0.1934321337639995,0.35343240787014346,0.013618261211539626,0.1749794711432847,0.2485673530416102,0.23737967381058947,0.06598441276391682,0.4318241111626493,0.33174330691893195,0.06963071926721724,-0.041948696995997216,0.13830155337139705,0.2756487895047757,0.18246278533447194,0.06962521869048384,0.27342412551126455,0.023759207608335966,0.12111763688824086,0.017689737080173087,0.07241496151011412,0.045240069188812064,0.042216562514296785,0.04759155776209825,0.17201655342869127,0.02184152575514166,0.029093728461348774,-0.016739741841804507,-0.04507467064006823,0.0426219417443103,-0.006544793814029489,0.04966779189555464,0.039330467795403,0.014808736214303713,0.021597484865983837,0.08430182023361099,0.04980678187942157,0.0961751887313341,0.11403701857045274
44,0.44883465822022633,0.43405167954696944,0.15279841286940507,0.14576152346410529,0.13608080112461637,0.2593766440320882,0.35430909231799335,0.4173873176885995,0.3193547632476738,0.4336081310249849,0.3155711281534708,0.4524719328866231,0.4542721301081609,0.4103043355035091,0.4412266832184074,0.33545257606363676,0.190070285889894,0.44279676973285875,0.41123364320530087,0.2865596609056238,0.4167211123601163,0.13964804626803867,0.41645707744774035,0.42006232415419736,0.08818000418474288,0.11124530359630934,0.09171291628475006,0.01836819694487758,0.12291133241773558,0.04175483515952078,0.1645530034811019,0.4387639100985265,0.32064668643846334,0.37522337235074993,0.3860283646897189,0.30441185102787466,0.4560890182650869,0.32140270216001693,0.4268037505812276,0.1552319342073681,0.0298352812274651,0.10639548962884726,0.041009839341020884,-0.0022808642834983247,0.022935742182807483,0.005974505983614386,0.05465886527911128,0.04100983975668263,0.05465885901506815,0.33552147930249165,0.16920101648046945,0.2198327573012006,0.31111505613118434,0.19580019822070333,0.32159144363242065,0.20680000901989168,0.36118669203443915,-0.00382593268459891,0.16432746321036448,0.24948519316973625,0.23645067424373942,0.0828200307605083,0.4199564216539858,0.33825601459792004,0.06320531346881628,-0.027235746014975956,0.13835577586633485,0.26542326116081943,0.1846151088440803,0.0720348899250085,0.25535409054754,0.012344891447979458,0.11006763744563791,0.020835659413794165,0.05811653910029771,0.053284779414110806,0.03275697311463857,0.008644741715929985,0.1665393199220205,0.02834409630654517,0.04515567561148893,0.021951284835599723,-0.003666761326022791,0.05486802108992046,-0.0061317314019352625,0.00856784931485826,0.056762219778798646,0.017694059876106154,0.029805167026402665,0.054639915628620535,0.06687426292077116,0.0684407531476825,0.11334844738491663
45,0.43283675348285067,0.42066073649658275,0.16405807480467036,0.15417271755271475,0.12716804258016187,0.2582099547870135,0.3355319395574818,0.4016432865810453,0.31213126986971346,0.43304848456941025,0.3097670143686664,0.46113621376620384,0.4518611577616878,0.42818058867800274,0.4569525434199848,0.3307906379557037,0.19592618143084023,0.4286750916222702,0.3980951060782152,0.2604629476821694,0.3964417220737647,0.15720902744772589,0.40978015540030144,0.415595433480737,0.0877663842623373,0.1530335846059127,0.0660682706472639,0.019763061171412653,0.15569628891430606,0.03336869399523412,0.15268857361229354,0.4307588932860719,0.3084247443536207,0.36427277153448734,0.38018319727457944,0.30575074587947887,0.4620950060263403,0.32389555679883586,0.4274767275376373,0.16351405137045258,0.06036555547528099,0.09897489034630715,0.05707605048701384,-0.03238335151373325,0.02450344101815346,0.017956658924498346,0.10710894347179635,0.0570760516750885,0.10710893854078465,0.3172229542581231,0.14993111282062221,0.22509219523314847,0.28397374753865945,0.17797888641613632,0.3313219344813707,0.1946107337701187,0.3637476894499212,-0.019879781144896667,0.15912359356816133,0.23866967191985594,0.22734531181093387,0.13399056090695605,0.4182618195711961,0.32301501902604834,0.08153060057054057,-0.05495059408332458,0.15624883246815316,0.2881569913703344,0.18383567109205878,0.06386251562889685,0.2698184885241349,0.050707552675655826,0.08297881563670917,0.010501519457130013,0.028885635786978475,0.051382941392241435,0.04518408721146276,0.03758442574232224,0.18083851997000405,0.05675120638512374,0.039499634472684717,0.016564972972519867,-0.04751695336350458,0.033215974970279095,0.009077683977550368,0.03750558337056312,0.07986145376018434,-0.005525610740822232,0.05466502325540314,0.0780676157500929,0.0728435030053963,0.09004174259819134,0.10625015299914577
46,0.4440336157474885,0.4291352189245982,0.17999571589945182,0.15750090880699463,0.1284722335810036,0.26556083624927174,0.3463831227708427,0.4115271808368191,0.32054136237076775,0.4490126070584166,0.3118330117382076,0.44862439962467215,0.44564909098737343,0.41665009524245594,0.441490631283414,0.32574705805538257,0.1831433790192466,0.435550221936106,0.40619522059438873,0.27993003292964286,0.4107021969489146,0.15995265206402914,0.4119735202458332,0.4117363654744343,0.07270063481696809,0.11138033498729419,0.06238944680667086,0.024330091874151055,0.11824532701609101,0.06086997651558862,0.13122496005605078,0.433251044650276,0.32030574432139386,0.36697567529302316,0.37945316134738566,0.29744503480378814,0.4749498404276214,0.32762519900989556,0.4348754182245915,0.16411062463526968,0.02378513969198247,0.08398274111509814,0.01800913063423858,0.028251948930197644,-0.0007397485545727314,0.010951548195368454,0.10970912182192193,0.018009130951831518,0.10970912044804046,0.3293591177371082,0.1442330462054469,0.21300591720802514,0.29135402119321596,0.20131408954371577,0.3467412725649272,0.17812713036152306,0.34834782255486524,-0.006016015689988876,0.14739650947063235,0.23720805322524566,0.21263271194318645,0.0993084049197264,0.42336563357625323,0.32246261645014895,0.07533990358731533,0.0034583321881445084,0.1251060223806934,0.2648812202801716,0.1926448011470064,0.0853724869474048,0.2510255270517592,0.02337816161775248,0.09899615905802897,0.03725709300401613,0.05408660085718329,0.05509481387078263,0.02124797798155999,0.051488821070217274,0.18059376752226158,0.03161133912421357,0.03336027300720317,0.016468227812278274,0.026599054404448253,0.02888573075952562,-0.009811266709893799,0.05254371235675584,0.02677198225594846,0.030277771305414137,0.03749426074050127,0.08728645099477995,0.06693915527511814,0.10175968410559039,0.09389133137672592
47,0.44683328755178653,0.4437818560336284,0.19663545739774504,0.17103405074714714,0.1490606436209674,0.2558444440991773,0.31443707400163573,0.4143736183027576,0.34852317726542265,0.43975028084108736,0.3204502780995832,0.4453898232089934,0.4597901871358957,0.4122998063655778,0.4526304769887117,0.3387124100964424,0.20933114609453243,0.44784200196250606,0.4202438642139897,0.2774053541287604,0.41328463078733213,0.1781335223389667,0.4276261369067458,0.4151835171298487,0.08400921006883927,0.16187414867114622,0.06343563785759514,0.01595000061084286,0.17406092605235032,0.052962172184221536,0.14657684208199195,0.4508449144357547,0.30430136776443323,0.35572658723255063,0.3921877212284093,0.3158253893771365,0.4802799608215756,0.3252843186585507,0.4138997220457787,0.16524032800337174,0.025756853192068135,0.0961010914333024,0.031422935471121134,-0.017179236451581502,0.014624781306887796,-0.004387428318098536,0.0485938313255298,0.03142293562874767,0.0485938238469999,0.33107205403429846,0.15200657802548825,0.20410888874460142,0.293811077300159,0.2049818667931846,0.3345391500123029,0.20700753123082458,0.3552563143913277,0.008427939680954056,0.15432134725106592,0.26702251348433237,0.249743668050165,0.11735249535419395,0.41937789517150387,0.3387369022846946,0.06624122385913553,-0.015276169252269604,0.1059291681091196,0.2626125921443578,0.1693452494760482,0.0658616926997086,0.24847785829920901,0.010372706935768625,0.07823591879256842,0.004602796222063163,0.05305466066094725,0.05700927900684438,0.03657807667564894,0.03518808271107039,0.16711308918378323,0.028208640672090494,0.05652817384152788,0.011675338177915797,-0.01768149338451861,0.025346787726501455,-0.02311271583563375,0.036443900261292295,0.05339163424714617,0.03013388296409188,0.05836706757661893,0.08255225066896733,0.042795926279299845,0.06309437376126234,0.10757540250577503
48,0.4360980250678796,0.42974577977986533,0.1736546701313751,0.16011919925649842,0.139275767342526,0.25947833361120687,0.3439496221240639,0.4030264991158926,0.33333512167563356,0.42816761398711617,0.33305860345098487,0.46397903952036906,0.4503825053485396,0.42346323604335334,0.4463872289067911,0.3420166103796416,0.17572995657658394,0.42498834835156024,0.3994051778609089,0.2721561819346177,0.3950678605488896,0.16860561070084978,0.4074323138726076,0.41546114236923826,0.059583465293492184,0.14384723189381438,0.021591575109489218,0.006806647522249358,0.14815029220945497,0.03727461097719553,0.15844949905578748,0.43555456437274137,0.3166757696029531,0.3664002630551177,0.3831916638571725,0.30573791846075354,0.46092258994575125,0.33754887831500874,0.44006827117179964,0.14993661089222987,0.02472684105270319,0.07875332344219547,0.0585709473387888,-0.030793610861067536,-0.0026090612675125414,-0.01769134654208418,0.06612918796414924,0.05857094670429849,0.06612918121035535,0.33174829610218654,0.1588856034650239,0.21958347933337635,0.29150230622587886,0.1947829187728474,0.3201485644110203,0.2073212006684531,0.36301951923551024,0.014682139470962089,0.12717909376345102,0.22379450596399622,0.20344319845516964,0.09915158358254864,0.41319285097611635,0.34408719549073497,0.07074736154082455,-0.03471687296512928,0.14190150784225977,0.2784024921007528,0.1881917251392321,0.07430292614601838,0.26294071906085986,0.005907943006387913,0.10729014660034408,-0.009279904809173605,0.04813211836014314,0.05366391887125699,0.033652662864522856,0.02309130169749235,0.18437473802970897,0.007256809050280566,0.026478996098733134,0.024735328057276025,-0.030130924100210232,0.016639882425832715,-0.0307322929102608,0.023398302988852863,0.07162036471580888,0.0012590311594962297,0.028785957872057365,0.06690818444083832,0.07126680024320355,0.08140058145262923,0.08986337942744664
49,0.43908996220875907,0.4344532148614911,0.1569821776115982,0.16740071486864785,0.14665302631990842,0.2596402385872199,0.34165775791953995,0.4225289121346228,0.33103859686967474,0.4373239638097451,0.315531400226977,0.4362057481645295,0.4499448284366738,0.42291406273732735,0.44293455394169434,0.3388720303229136,0.20476899385990255,0.43325782086869613,0.4088737299824748,0.27319240365621533,0.4005426010475375,0.14940570905520756,0.4181828025441219,0.41685011345037015,0.08240935352104937,0.13712815752905572,0.04871286156307162,0.015477827353498385,0.14194394088202833,0.02156265149368868,0.14541577973401168,0.44200600186828826,0.31372958989731387,0.3678642534965891,0.3985621797972574,0.3055809799650446,0.4619590967354269,0.3340174117813018,0.395168465021028,0.17584874743944093,0.05241198124391835,0.08478556492355004,0.06355295292880664,-0.008275600112700317,-0.012535188919410339,0.013412350301312645,0.07855335157134262,0.06355295459470259,0.07855334222401207,0.32722751283064144,0.16234105758320938,0.23293252673389148,0.30226031109194035,0.18974673089025548,0.32703335655238785,0.2183288517664709,0.3469797370170336,0.008681799644111794,0.16401874311820228,0.26715478083436767,0.2535409884094185,0.10447878335233093,0.43264181567828125,0.34344723124283605,0.07925298288615748,0.014960354723343715,0.14875048761685852,0.27755175083755024,0.1901911607448484,0.06836893090591478,0.26288125132533857,-0.017724694177719352,0.10610539563499596,0.014913850360432733,0.03152794590390644,0.0893640512088741,0.044842351894713105,0.02415918472935393,0.18716927200603858,0.04565421869098418,0.02858144326175928,0.03751173530605052,-0.012190008206125624,0.0168574673886486,-0.005275542034636855,0.025207087108118205,0.08416737266521664,-0.0043074526065830605,0.06303907528348084,0.05777527920447046,0.06255525354576565,0.07868104630312965,0.09445349161724619
