,fortified_wine__glasses_week,hours_outdoors_winter,hours_driving,liqueurs_measures_week,other_alcoholic_glasses_week,physical_activity_maderate_days_a_week,vigorous_activity_minutes,sleep_hours_in_24H,work_hours,work_days_a_week,hours_using_computer_not_work,work_hours_day,hours_watching_tv,hours_outdoors_summer,white_wine_glasses_week,walking_minutes_day,walking_10min_days_a_week,beer_cider_pints_week,moderate_activity_minutes,drink_alcohol_with_meals_no,drink_alcohol_with_meals_partial,drink_alcohol_with_meals_yes,mobile_phone_side_of_head_Equal on both sides,mobile_phone_side_of_head_Left,mobile_phone_side_of_head_Right,drive_faster_often_Never or rarely,drive_faster_often_Sometimes,drive_faster_often_Usually,pet_present_no,pet_present_yes,mobile_phone_use_duration_per_week_1-3 hours,mobile_phone_use_duration_per_week_30-59 minutes,mobile_phone_use_duration_per_week_4-6 hours,mobile_phone_use_duration_per_week_5-29 minutes,mobile_phone_use_duration_per_week_More than 6 hours,why_stop_drinking_Other reasons,why_stop_drinking_dont know,visit_friends_family_times_2-4 times a week,visit_friends_family_times_Once a month,visit_friends_family_times_Once a week,high_exercise_times_a_month_Four to five times a week,high_exercise_times_a_month_Once a week,high_exercise_times_a_month_Two or three times a week,high_exercise_times_a_month_Two or three times in the last month,easy_getting_up_Does not wake up easily,easy_getting_up_Wakes up pretty easily,easy_getting_up_Wakes up very easily,manual_physical_work_Sometimes,manual_physical_work_no,alcohol_drink_1-2 times a week,alcohol_drink_1-3 times a month,alcohol_drink_3-4 times a week,alcohol_drink_In special cases only,high_exercise_duration_Between a quarter of an hour and half an hour,high_exercise_duration_Between an hour and an hour and a half,high_exercise_duration_Between half an hour and an hour,falling_asleep_during_daytime_From time to time,falling_asleep_during_daytime_Not or rarely,tobacco_past_how_often_I never smoked,tobacco_past_how_often_I only tried once or twice,tobacco_past_how_often_I smoked most or all days,tobacco_past_how_often_I smoked sometimes,smoke_tobacco_now_no,years_using_mobile_phone_Over 8 years,nap_during_day_From time to time,nap_during_day_Not or rarely,consider_yourself_morning_evening_Im more of a morning man than an evening,consider_yourself_morning_evening_Im more of an evening man than a morning,consider_yourself_morning_evening_Im totally a morning man,consider_yourself_morning_evening_Im totally an evening man,consider_yourself_morning_evening_dont know,usual_walking_pace_Average,usual_walking_pace_Fast,shift_work_Sometimes,shift_work_no,snoring_no,snoring_yes,pet_past_no,pet_past_yes,smoke_houshold_no,trouble_falling_a_sleep_From time to time,trouble_falling_a_sleep_Not or rarely,trouble_falling_a_sleep_Usually yes,climb_staires_tymes_a_day_1-5,climb_staires_tymes_a_day_6-10,climb_staires_tymes_a_day_More than 20 times,climb_staires_tymes_a_day_Zero
0,-0.04554614415104832,0.0022834532136668086,0.019855328000115472,-0.042738344568293625,0.00850067193944745,0.14716135269415434,0.17420104433052824,0.2511683674031255,0.21440435743772188,0.15432779109150283,-0.037807545128695254,0.20551704957989708,0.10592509967426024,0.019578583013629174,0.12596045032987016,0.09465551552078759,0.12607714586000282,-0.030273944620421562,0.10607142750776673,-0.04709782525499389,-0.016380601312849314,-0.06252256333195884,-0.02575023266171831,-0.04653105977550921,-0.03825213027439341,-0.02766357707191176,-0.024261818720112717,-0.04039673697059679,-0.02114190323795933,-0.021356692368467538,-0.05029799336125006,-0.03679933418616504,-0.029039799812440318,-0.060274131521119476,-0.052407733475328705,-0.028742297004463506,-0.032933825260624154,-0.020556598497561068,-0.028077784006228585,-0.03771788854023407,-0.022794048414264436,-0.023362824164898082,-0.04957426614536565,-0.051159649765054875,-0.027300523255780838,-0.03475522640438689,-0.03362867522192785,-0.053848264031930965,-0.06376755508815705,-0.04413517528473844,-0.038484350602195475,-0.04943048822023278,-0.028292123924349936,-0.05950207714431544,-0.04106558377157499,-0.020847603120361293,-0.013680512558303062,-0.027697703587908924,-0.04959419890234534,-0.026361473617977797,-0.02089460638239554,-0.025213767792701253,-0.019580330114862748,-0.03782813567414513,-0.0512593475653849,-0.060800750682150746,-0.02889620767162843,-0.0723371011996178,-0.05911932505244136,-0.030891596440007617,-0.021400225000078377,-0.05886449537864491,-0.048732593621182235,-0.035315261185120676,-0.04030019865174721,0.005110993829875961,0.15135407500621112,-0.02843057790350595,-0.02331801079704601,-0.03336934100139471,-0.027263692051978067,-0.03266855884540252,-0.03175297924971534,-0.020889876521559228,-0.019937771954298748,-0.07547936557486333,-0.04872724724942526
1,-0.017980297645838462,0.005447696766538829,0.02358975230615694,-0.037056074751426436,0.01616402362225639,0.1410238725308897,0.15189253117630802,0.2512969387089039,0.2056382840973449,0.1486859122783518,-0.03315959637030192,0.20987362396451217,0.08097116623079581,-0.010834139779607775,0.12987103007379738,0.09476072236861538,0.13741033893166107,-0.039432698787004936,0.10558923957170177,-0.031346736976263695,-0.0261039714029264,-0.02454052437553606,-0.0454044153057355,-0.027581389493750736,-0.022095665097486682,-0.046824436507609854,-0.03927110119041188,-0.059702446449581524,-0.03880710638214116,-0.0377589273310124,-0.041810926031616825,-0.026269843198771764,-0.01772445792076152,-0.05499733018003108,-0.029561819003724347,-0.03862195855421213,-0.03975902286015636,-0.03478951117875544,-0.016119989350837312,-0.04282724132990899,-0.04581277097801284,-0.03860586881537252,-0.03749394268229604,-0.027333267579778595,-0.02412845047428136,-0.04746720936937859,-0.04748629678163276,-0.0446071739792103,-0.0317247476356943,-0.028258700304144905,-0.02251620704885676,-0.04766521224578802,-0.04917124120206781,-0.03146627012560141,-0.03629520911841619,-0.038578300375445455,-0.05104587333985187,-0.055784498463652736,-0.05587766782405154,-0.027765138208553516,-0.02772237311670847,-0.03685387593325224,-0.037201294951536755,-0.043045311183645546,-0.033311694827465925,-0.024194629195997366,-0.03424488822922774,-0.022555072839672844,-0.047948563317529204,-0.037598600764493895,-0.03935212481309478,-0.04266543029592746,-0.050885191243242846,-0.06297381366531159,-0.05448990260830786,0.023696170138676927,0.17493868202668972,-0.02160563019284516,-0.03737260625296925,-0.05395197253996095,-0.030777412947130326,-0.02234251795585685,-0.0151364287558312,-0.05775397167860394,-0.026864560924151355,-0.07057199590717975,-0.047369316209624555
2,-0.03103446598505154,0.007453752187382431,0.02887739918298836,-0.021750963257562636,-8.707759665418535e-05,0.14313768640357927,0.15978849536771728,0.25012576897436584,0.207180364984863,0.1527794697280568,-0.04810494121653863,0.21045362736862194,0.098656851981864,0.013444115681816386,0.12238582782329276,0.08459078903855824,0.11656244889957615,-0.05966864003677514,0.11428956633975479,-0.035479207755241306,-0.04058738013704316,-0.029935937585864283,-0.04573497909481988,-0.03590925360805115,-0.054805654804012734,-0.03274884397925315,-0.05024189233369946,-0.05460732414994387,-0.05814461147095252,-0.049069257388801205,-0.0163439935285226,-0.04493328412649061,-0.08437459866409718,-0.04044601782694843,-0.01937926781408877,-0.06718965207903839,-0.052458217203997105,-0.027677940302258393,-0.04029278597862031,-0.015518906622595006,-0.008651944753300573,-0.02451965897185604,-0.03315463534790063,-0.03947653723937482,-0.03918916799533152,-0.021016640356649515,-0.0501272354440511,-0.04564451133798251,-0.03212992024459077,-0.05347318608206866,-0.021644222628234396,-0.05524193491068241,-0.057484222523568704,-0.040223392920045224,-0.03219987706900343,-0.046216732864869325,-0.03897049595776643,-0.045437601464683404,-0.03661841662902351,-0.03243879368717017,-0.030374916903550826,-0.028257773777944858,-0.050225240160709526,-0.019633139341417985,-0.03985566659201175,-0.05667657547570685,-0.032321727231452685,-0.059787853108576164,-0.03308656635483027,-0.04334907481502347,-0.03988391085572167,-0.03431891847166908,-0.032849361846650764,-0.04034546431583423,-0.029209767213010517,0.06785271757298775,0.17424683368986535,-0.030402441065630816,-0.035826738960598535,-0.029218219856166513,-0.03556350294799219,-0.03257112679007939,-0.05720663051627856,-0.04843117655331338,-0.0193395390317369,-0.05615170964331911,-0.03365705274361757
3,-0.07026325183674587,-0.003045539427250608,0.016051459871381037,-0.0024459081466776536,-0.007215591261366081,0.14342174306981917,0.16663703767629784,0.24996425919107326,0.19633684955327815,0.14674087719340814,-0.033400165371450144,0.21735273779030895,0.07992860272380661,-0.0351039813357167,0.12103177434396381,0.07354060606823976,0.14023472750650443,-0.05741935159944635,0.09518554348652689,-0.04876143686273125,-0.05383415793447362,-0.030129163156007603,-0.041486667367685214,-0.052725022480751324,-0.061403138490470785,-0.0272098426189969,-0.04361556039792964,-0.0392725270370172,-0.028576228515314918,-0.0345903777677814,-0.060017184200644426,-0.03209590649584605,-0.040276840599818814,-0.03364137975197558,-0.04058820551687231,-0.024236238371480878,-0.03575524163199359,-0.0646485384342337,-0.03970377951228466,-0.0382658168392147,-0.02818388481161788,-0.02167756259865039,-0.03158804885076672,-0.05379254216895253,-0.021160816140651368,-0.022547968920229294,-0.040709333565109675,-0.028916002433655098,-0.039779019134870044,-0.06085355326033061,-0.036419267778792175,-0.042047903447463654,-0.03967527513216124,-0.056309342459657054,-0.024241015576523747,-0.04710895689421406,-0.023639196697175874,-0.02752914874398685,-0.04798482029100209,-0.04086934768803967,-0.034411418772336104,-0.04020928820745848,-0.024318122010422796,-0.051679638395882806,-0.020748634036166707,-0.024420684653265887,-0.05080136328364403,-0.05280344663347414,-0.016763893964109357,-0.06514833642200554,-0.045713203858959446,-0.03975128300082865,-0.048837960855476065,-0.054564572917256596,-0.04938145870891824,0.1089988859405421,0.15370915990042341,-0.0495845057304213,-0.048329953666552725,-0.04372371304252058,-0.04257194028318319,-0.028481716378385553,-0.0332623719968339,-0.04354951968635078,-0.011496250306135746,-0.039705604517423145,-0.03560527014750398
4,-0.05820499424211315,0.006134779204651771,0.00048160932649972215,-0.0235671227991215,-0.04039038558681828,0.1455829223035232,0.16640653123111473,0.254646946965789,0.20877773024987975,0.1544773125248798,-0.06047073367045462,0.20492237397801102,0.09924909164259935,0.0033774027533812765,0.12041761546642034,0.09139876785323399,0.13850756057260238,-0.03875020030634731,0.10040507316238412,-0.05622857786241621,-0.0369207829169227,-0.04274470335465463,-0.03296541417375783,-0.03671892248551597,-0.040667627510842595,-0.0288779115645959,-0.0187765012912375,-0.039674077128433495,-0.03146014375874351,-0.05019970663908646,-0.03584231737386626,-0.03178000277093098,-0.01391002420141191,-0.03478497655801563,-0.06162674370457864,-0.02073547624128514,-0.02409149136344847,-0.035688067672072395,-0.026287496046317024,-0.0224528060425239,-0.07821261695805405,-0.036523113324196305,-0.06308223811809148,-0.027588891372991205,-0.029669349455304393,-0.03200651190312212,-0.032683678071266424,-0.041486377009300475,-0.030194832093560234,-0.05438229085406907,-0.01765789719914282,-0.0374993085406925,-0.01128915506234917,-0.041756785557463164,-0.026492649838213873,-0.04469713002251107,-0.06141264603643506,-0.032243641320588635,-0.030728087830533622,-0.023787965036957567,-0.03842739203118475,-0.057853919820552054,-0.052878093745229025,-0.020969215230762322,-0.025859107347938295,-0.034760471379977266,-0.038580527954043396,-0.04414064035843421,-0.03707845775864016,-0.028055470216569203,-0.034034846706102,-0.04751736383749506,-0.034064760769466476,-0.039993788986217346,-0.03979179787831098,0.041302397933179656,0.1678237627119713,-0.03675835351506134,-0.04689059139323001,-0.07264356083844342,-0.02684818478415964,-0.027685461532439056,-0.022338649292217135,-0.03414721806325974,-0.019888010115538354,-0.026912338471217642,-0.024643707790998864
5,-0.0480643770716033,0.028928167403146732,-0.004450839302174257,-0.05391893559370675,0.00310571828807957,0.13447152435889895,0.17347024129654798,0.25309971940142356,0.20671154381967474,0.1385570479684951,-0.045469739963010916,0.19947928583115948,0.08896080371184996,0.03002948677202296,0.13037320233350524,0.09262861332774344,0.13591558274175525,-0.05326025814765039,0.0940735216064677,-0.03637768379609124,-0.09486173020983148,-0.050137545280823724,-0.04733043211537395,-0.058848021210403056,-0.028003845604977092,-0.06185131719180251,-0.07181577420779112,-0.0128644913254408,-0.03509669915532832,-0.025840163138810428,-0.034070076712152196,-0.04968628552104787,-0.03413376468065911,-0.017568029789662883,-0.06647596307021829,-0.05070739249362598,-0.05797333672103569,-0.061651965196340364,-0.04063037439058325,-0.04724318139084776,-0.045153708819129744,-0.06712108442990682,-0.020662017503945328,-0.01843922095109659,-0.04744195313550061,-0.06814133320057401,-0.058282315927495505,-0.03971773717186457,-0.020708723215997968,-0.05130065386350198,-0.0293980705600774,-0.025745033759097632,-0.06337332371941853,-0.05482352644800163,-0.03537130154966635,-0.04029229941610067,-0.04350325804519584,-0.04248875550964548,-0.041676356109611144,-0.031979655706904114,-0.029841109228455617,-0.0185145159165138,-0.039412873364467506,-0.06536601944139554,-0.06415645856077201,-0.027640875697944614,-0.06273313392158825,-0.03380338745923367,-0.0475049426695366,-0.03156854435692367,-0.03843857460399165,-0.0339630489229186,-0.026653131101616233,-0.05020663351230969,-0.029764697582056365,-0.009079879668751395,0.1359434593579203,-0.04296948698266524,-0.03650461343569227,-0.0345497087507783,-0.026260961019044148,-0.038968020269388844,-0.018594639553951364,-0.09012579899912752,-0.023277654384244912,-0.05207357622874048,-0.05050908380950413
6,-0.0250275151163941,-0.0047110801601845664,0.009222715500090307,-0.03109592239898904,-0.025164318229282744,0.15352988716034355,0.1609962122484601,0.2525550451699891,0.2121915486865607,0.1521247888098688,-0.014466501141029542,0.20990259535648775,0.1139168181983662,0.023266222409949744,0.11287081287467972,0.08164560614681302,0.12332824889370564,-0.05650476390928137,0.105285020827001,-0.03086339119329557,-0.06417547026197154,-0.03611757554461479,-0.05244214122439554,-0.049293103012000586,-0.05761985774815768,-0.07369613061844044,-0.036787616378845166,-0.03184388799765802,-0.0175217353711319,-0.017248009653886728,-0.031146473595139914,-0.051037714195569434,-0.07113896989546348,-0.03470595422475102,-0.0317945746404198,-0.0668831463398796,-0.08027944859591214,-0.03150197310465339,-0.0321986453048177,-0.0588414250213317,-0.05829903067945248,-0.049458818046476914,-0.04126529192915167,-0.04760435150051108,-0.032199943847119494,-0.031317863852662275,-0.02998005571767119,-0.04791930385203147,-0.04688297776141714,-0.03413453416961138,-0.04967270949401185,-0.027147773448347255,-0.042159866021551,-0.03227183320371431,-0.03219987706900331,-0.029147975359740463,-0.026368186574736663,-0.04442317507107023,-0.03323858746000095,-0.03542352400144835,-0.02324853913689708,-0.036094544056108444,-0.040367675911153075,-0.0217440972531355,-0.06769382489605236,-0.07357752425491194,-0.0483424879320551,-0.06175632034639548,-0.052457783065481614,-0.03192892895694958,-0.0559421856994149,-0.04823421634220648,-0.05420504525511179,-0.039694656974341644,-0.035278009920336695,0.018732711579696623,0.14839080830428336,-0.053660819803230425,-0.042827034731670086,-0.059601612626087604,-0.021305772183769035,-0.026625644122355383,-0.009600685662800798,-0.046669914520476335,-0.025549519447688154,-0.04267813629645523,-0.06844429565185713
7,-0.06102936113708222,-0.021183658545198242,0.04174752962221516,-0.02570173784885321,-0.024077254025088278,0.15550324005345303,0.15840771724951663,0.25063067275487516,0.20826784337669244,0.1445908768866173,-0.0613774707600055,0.21734865508904236,0.10011159231623723,-0.015211957700225874,0.11878855221099226,0.08788476951090884,0.1353067650358983,-0.043534360483811874,0.10759598687714197,-0.013542696808970238,-0.03308518021013069,-0.029530235305246604,-0.030203719001394264,-0.02521844598464504,-0.037025483175174304,-0.023528895908969016,-0.021370112419811935,-0.0627600402540027,-0.05228672335897173,-0.05760991287987373,-0.04564512376267823,-0.02516220465462452,-0.039128508133410796,-0.06204872319418747,-0.04996339387883053,-0.02328570402422385,-0.021507925607944886,-0.029097951462606096,-0.03920438440164041,-0.031576059772769796,-0.040741033331395116,-0.07299008266235385,-0.04203879131128478,-0.08933569254531375,-0.03216363029448785,-0.04759119876700875,-0.03289073061395954,-0.036658402375223303,-0.036769964105578604,-0.028284828144652375,-0.02588008914182059,-0.04464431649113062,-0.031620137876097375,-0.04289189689518098,-0.038523984067358796,-0.039102959068497534,-0.04574931767799711,-0.031406325238131416,-0.05005484691641455,-0.0363107140484679,-0.04718981826726241,-0.03407987565915969,-0.037985259426298275,-0.01217702099320706,-0.033284319788450575,-0.02010175426360519,-0.022013728581508556,-0.05138754246389636,-0.018947517866075445,-0.029024322199906753,-0.04436689301874189,-0.036482683883269036,-0.01832894217941087,-0.022733191261972423,-0.017244333242850705,-0.01599890158443296,0.14471866505890324,-0.06584618313757969,-0.0702742789101435,-0.015324493657876899,-0.05141640615018695,-0.051544973021074705,-0.03053817327067469,-0.039190801810705396,-0.03414656526380331,-0.04116280700337599,-0.03161704674207794
8,-0.052741355081071375,-0.0015133467123407275,0.04374873228786161,0.00327503667170291,0.001638355362623224,0.14542154607185598,0.17318829087504725,0.24710267820369253,0.20018563486897367,0.1469301725485707,-0.024363350033125758,0.21561736790706867,0.07232669042548533,0.0026284932182333736,0.12903757498992455,0.09929086454590864,0.13680123249800435,-0.05220402917757843,0.10173539389823674,-0.04450709545109238,-0.02454571232986904,-0.028675128894575318,-0.02768022653373704,-0.03253083942274443,-0.01596916740756982,-0.013851233370456155,-0.03253236214176227,-0.047481246099011734,-0.07017734399953972,-0.07029582025155949,-0.040953601133921366,-0.028667981924132457,-0.04040281631211005,-0.02101186798010946,-0.021682094010736005,-0.03733632157970026,-0.018878418185985797,-0.014035058840493709,-0.026185241381035628,-0.024589247376822245,-0.026199581188441793,-0.029910890448704226,-0.049163397928095744,-0.017152558629389757,-0.04758893099141927,-0.049754721623172835,-0.026950976178775538,-0.05350726573883987,-0.056364577575675597,-0.031027459826321234,-0.04706243538309452,-0.02676817756918404,-0.04833078181906368,-0.0353009459746892,-0.0347814612930187,-0.030103924528353695,-0.03263172985076589,-0.039392551904708806,-0.06636406112667126,-0.04947278935557416,-0.09720787896911479,-0.04234839824199831,-0.02410475655541773,-0.03728697038643474,-0.040933334430854035,-0.06746148242277594,-0.04857051087820053,-0.03341297660111531,-0.019742727045522077,-0.07007098848777238,-0.025279521853136307,-0.03706240122950977,-0.028655030224125955,-0.029137155913440144,-0.03894176360187387,0.008844852542005397,0.18411440644260368,-0.045408997341622716,-0.05879869175585707,-0.03225124134189216,-0.03586625622284507,-0.036014794594920435,-0.06949005863786445,-0.046125584147739616,-0.03158182090076968,-0.02331998648516974,-0.017404743000692363
9,-0.07557430886649723,0.013739689923735952,0.007833759917046684,-0.021039080162424804,-0.009962301297633038,0.14063635029090754,0.16362617231388815,0.24923735344670336,0.20380761733372718,0.14590651485726422,-0.03150042838230637,0.21097212623809442,0.07930235276638527,-0.0008719104230762369,0.12698051585000295,0.08440724698096841,0.13007910411515722,-0.03541816548178616,0.10016966419733316,-0.02372531007317962,-0.031029908720425964,-0.03961748584057414,-0.060122962890735376,-0.027789202934722267,-0.0331509712943175,-0.03648397183189944,-0.036511778723801874,-0.02006091732177605,-0.02838914793727167,-0.031076266499067952,-0.0315492611458907,-0.05691911098743621,-0.05198181044147122,-0.054410116833595965,-0.03401279676481385,-0.026481585856208148,-0.02566408862618215,-0.06867334822273898,-0.026854259754819847,-0.06113315123537766,-0.029009641501741137,-0.03004985224324613,-0.02292152231121133,-0.04924929002538502,-0.05005472671419195,-0.020013148941067434,-0.005242085954527051,-0.03333889479778483,-0.05512625445342884,-0.045734893981393035,-0.06500015717526002,-0.027845849916168446,-0.055208946213675864,-0.040955507606314036,-0.020625651586832862,-0.044455702039263675,-0.016321292253929108,-0.01916890739238698,-0.03303999131042164,-0.06517820858869822,-0.04382617277524284,-0.05757336539884393,-0.03175776789685897,-0.057419598170341854,-0.04296653737834351,-0.04714522833501596,-0.03632593030937949,-0.037025653244073975,-0.033397727488157954,-0.03672391372351032,-0.017786693408599643,-0.010915729568302762,-0.028916671221676425,-0.04321171936493452,-0.019614102365748586,-0.019853186225881204,0.1150482861990506,-0.02122728500519989,-0.0349996363681259,-0.04224428718659006,-0.05453716176565891,-0.04860067147777142,-0.02169056600212582,-0.05331261030691718,-0.03594909321038655,-0.05715961606576424,-0.023011265451090803
10,-0.021400834793608877,0.0007638455570436397,-0.022521898082251454,-0.028614413970850582,0.0034510195968618968,0.15010796718250136,0.16238797240980396,0.2564555928462502,0.2093365210759446,0.15324886932194162,-0.0587584367074827,0.21226715184990028,0.05800038082524937,0.004221024697653488,0.11964271220365601,0.10641406062355747,0.1341272266931414,-0.024575692546983125,0.09890989365172312,-0.03206125479319282,-0.035851230323274925,-0.02068010389857801,-0.02718169332636682,-0.017319168452093272,-0.0321254061788545,-0.04554362407619472,-0.022977281452533336,-0.024443202191116304,-0.008201959533175185,-0.018286062149486342,-0.03470281803190117,-0.07848879690345613,-0.03808692727669976,-0.04423912584624859,-0.018098296722988606,-0.04339276983726807,-0.05432103627456527,-0.04359280419612457,-0.04225734599929306,-0.04167790473345189,-0.05814135819039489,-0.042030104988003025,-0.04272323667089639,-0.0559006804519204,-0.03402217581888952,-0.03664223803384498,-0.02031866115832627,-0.07872730581183586,-0.07586131792809192,-0.02543258179815248,-0.03000383104480765,-0.044627966304989844,-0.024159325330438432,-0.021362118780538772,-0.025653600472360902,-0.02190702532479422,-0.03199529639403904,-0.014842573006842549,-0.0666432675927974,-0.03610108260645054,-0.03447636476129303,-0.02162876591251831,-0.037652968313876975,-0.0394795063592708,-0.02877877328212605,-0.03980002430497091,-0.029859731436896318,-0.0361025149090096,-0.03090196402459958,-0.04109860617711911,-0.03737690436131,-0.018727631173397367,-0.0293242458839501,-0.025038027528172576,-0.041680453998122334,0.06768896143511201,0.12943549075703742,-0.04845620053563464,-0.04124613774320095,-0.04811112742845958,-0.04441383856869001,-0.023226326100590382,-0.027578041660582808,-0.03454876633456759,-0.01795479955286517,-0.040277426639832185,-0.04232076982207801
11,-0.08260017753430968,0.0041755651738406094,0.027396273155751407,-0.00908796730609996,-0.013549458122445181,0.16002032594020474,0.15470985807560805,0.24429072803448434,0.2134613460205437,0.16371772921796637,-0.052474952902751754,0.21618541848036923,0.10727912029491517,0.0009613446034608706,0.11573905169271272,0.08822029838349195,0.12834401404615375,-0.03287620680001775,0.11086103263378391,-0.02546613365577835,-0.027164961730744754,-0.04942806194801779,-0.028573731114969473,-0.045623992016055624,-0.008123190375422723,-0.06268425797061022,-0.06394570062103695,-0.017634175743233935,-0.04121356318467673,-0.028071105182151515,-0.03717843907068048,-0.0360488255680592,-0.021787148030733967,-0.04415662821944507,-0.03991703501560009,-0.04397836249181472,-0.03829225660935845,-0.011920503893020686,-0.025268045642990036,-0.03109706360247586,-0.040840687939801244,-0.041106151569307074,-0.03514490968709786,-0.06311834846638892,-0.03889364333596377,-0.019328232239057212,-0.04911052622105923,-0.044911544887338534,-0.0517318291818025,-0.04166921095029486,-0.03360303538782165,-0.04588789525485545,-0.051816396346955604,-0.019029177178186193,-0.0495051090181607,-0.026841935579370646,-0.04996470119052359,-0.04131158989064304,-0.06938190008107525,-0.020444619962433026,-0.05033994735720823,-0.043690904358378496,-0.035593245973207864,-0.049688990530376335,-0.036710496932352975,-0.021636236928926307,-0.03784772078941129,-0.009901211141688014,-0.05557981308864883,-0.03805834286788033,-0.02512599911059476,-0.035267617109667145,-0.035333325499739374,-0.018993287426817784,-0.05044252357827839,-0.002774024599501415,0.14719152052777923,-0.033091625441953106,-0.04192085802949448,-0.03396373640025852,-0.049097080747199366,-0.03885122810257436,-0.04919932544859694,-0.025746942195091136,-0.03184865251802743,-0.02376284608245285,-0.038600049423759206
12,-0.05906648647538815,0.023522269865690414,0.006040261070449396,-0.023835829385740696,-0.00490724963995058,0.1411205698278032,0.16999695896175235,0.2539256820686605,0.21029945487339807,0.14729926114233807,-0.0323158890998713,0.21433799549457547,0.1151676447104803,0.007552097632145709,0.11372370899738153,0.09816291586386995,0.12379464282208305,-0.04592046928602549,0.10311101492997314,-0.031089670585100614,-0.05206662412999709,-0.031237826029060896,-0.05589045135595812,-0.06534805474590545,-0.04373159893522556,-0.021785216930166794,-0.03553308083910236,-0.018185442272803398,-0.055866924001908,-0.05888358655602635,-0.03921255863084305,-0.021067009678375444,-0.03188321201636985,-0.017000807626532548,-0.017943731134909973,-0.03625827920620182,-0.021483549206121444,-0.06633142063473836,-0.0067146636153470355,-0.08053196586707799,-0.03346976819050788,-0.026813257759138193,-0.029742208331934916,-0.030613322218123188,-0.079910339376879,-0.043551807440385525,-0.010939023373631953,-0.0401815645554337,-0.04151313958834763,-0.032603058412862894,-0.014227429810621221,-0.029322333601161557,-0.035696845025789535,-0.021843624031364053,-0.0424755138249414,-0.02686512149693508,-0.01667538094702528,-0.03574585060346158,-0.044142848764278736,-0.03869808172946056,-0.02121761268699727,-0.04739064840174919,-0.028910678243053687,-0.0204569414542583,-0.029004216139022123,-0.03495800659783192,-0.08668471037346742,-0.05983427622470001,-0.030147090464844036,-0.05547663900457317,-0.07129350632429335,-0.06337107214288797,-0.06265518619460829,-0.03999378898621736,-0.033560094712099774,0.020699967165819354,0.1531992018453197,-0.04815112324050174,-0.03862539511855499,-0.043967067964069205,-0.02483652617913846,-0.025093662543103596,-0.014233353312875707,-0.04590660286987354,-0.02615554153536481,-0.013089680434068787,-0.04161761568175367
13,-0.050122263346010776,0.016055903280642804,0.04949862293043843,-0.012786457292863398,-0.008516572795366708,0.13733291259523037,0.16383092500815993,0.24804236770374125,0.2105204122516201,0.14098915157648234,-0.06865504968295749,0.21038041965547474,0.08786097463486467,0.003905791792446505,0.12406264396743637,0.09356458635291558,0.13398922080914918,-0.05715246288997123,0.08614603080017219,-0.04790920332169169,-0.04592630892215763,-0.04656903949189267,-0.0368699225797712,-0.0440722621484193,-0.05322380284200127,-0.025107533653196446,-0.03165050569223568,-0.015467191874711668,-0.033110746447563365,-0.030848397453897274,-0.02579824021596062,-0.05315036879363368,-0.03642440977347267,-0.026147508529197852,-0.04051441751616403,-0.037094036361791344,-0.06059651845843359,-0.06489519636526721,-0.03793302829141953,-0.05144020581288425,-0.021029939762874792,-0.038366601575306546,-0.04351924428815612,-0.03098767088443542,-0.03957696570126166,-0.03164342014121608,-0.025629867781625962,-0.0578007091281135,-0.06149220653332954,-0.02538098036216709,-0.041910919364512744,-0.048028262461178216,-0.030316203448921327,-0.03538429179400517,-0.044893128058335986,-0.048749014738881595,-0.02846197969405659,-0.024051083955156153,-0.059685366458799294,-0.045282928030778206,-0.03803626947241291,-0.03995036036575181,-0.08111208521669064,-0.026773605045666175,-0.012108846807123591,-0.04550959200094443,-0.05578440991592807,-0.04769713406882759,-0.04211001364186602,-0.06063081779537305,-0.0458974670851146,-0.05843399449215394,-0.0419406687894196,-0.049967777291000444,-0.046174090282936286,0.03641829604603779,0.15392012350273282,-0.03730477924707354,-0.04400564755261989,-0.04896319963490103,-0.03457498142986765,-0.03975106483137927,-0.03950080609351289,-0.017571263705116368,-0.028376371336264864,-0.043909360037292615,-0.050882477593429384
14,-0.04045566970313671,0.023643916836615764,0.04441805446256742,-0.03229217502505846,-0.014613443989715246,0.14891671863076855,0.1451870152732125,0.24828531781054414,0.20946194334437923,0.15829646100418646,-0.036831438861296494,0.20790256908488705,0.0993391096726013,-0.01760598635548561,0.10184324769553507,0.08473257555651562,0.13381389980534822,-0.04988529228757439,0.10595654461849484,-0.03747043569452969,-0.044953421811251885,-0.012083764805414874,-0.03245193803324628,-0.04642258433531553,-0.04893528564743227,-0.020035871020631764,-0.039032454169275144,-0.03130544058600105,-0.03627945319259394,-0.04284899263720241,-0.04303796250486059,-0.04742386331616968,-0.03881734721993153,-0.040998939746795734,-0.03235827627317528,-0.026725317432871556,-0.04401695624335686,-0.03146593228701739,-0.025226900903864324,-0.0332536637819889,-0.03847028712897503,-0.04627695484503508,-0.029728860761170654,-0.03743817075368157,-0.02605220235691001,-0.04028624003305851,-0.022336665499762733,-0.02269221836855935,-0.015395034660998754,-0.04674020905178181,-0.027098300296910054,-0.05871996316639447,-0.02562316039352338,-0.03919508859897046,-0.05802116023588633,-0.024246782849989216,-0.016809692945110803,-0.02412324713565938,-0.015002533543734235,-0.024968169743454654,-0.032689089290908545,-0.036372750107603095,-0.02310017783681931,-0.04728253467220553,-0.038680003829987174,-0.03186906264295176,-0.04096571672610206,-0.03828692496516696,-0.03010251882648874,-0.026653148385003333,-0.057981835022118774,-0.04657702860143235,-0.047894108819406964,-0.02360047710991416,-0.013489961450823275,0.04132277010789344,0.1699720860843902,-0.049882554740431864,-0.038168200127802566,-0.04504695194904129,-0.017568440693835112,-0.03329359364834026,-0.06164290823989846,-0.05344929921229607,-0.04014896887282278,-0.03607009605806741,-0.04899748227215678
15,-0.050789699705176945,-0.00448150599092716,0.023218709623247045,-0.027257689909127213,-0.004608363071532628,0.14652532900000198,0.15425176885485123,0.25089877691463286,0.20479021177087245,0.14723145315197034,-0.033111272829076686,0.20859794420746214,0.09703648018711877,0.006546999135204118,0.11314045928188873,0.08550339379938846,0.1210070672075576,-0.05370932591830731,0.10339762316857565,-0.03520497684234448,-0.02696064124605499,-0.0498972285177297,-0.055847491888244366,-0.05157624639088612,-0.0358188613695531,-0.026815015426203688,-0.03487201126853434,-0.05875811500767211,-0.04244771333873354,-0.044341777421869365,-0.02919195199639844,-0.016401925842921505,-0.02616570262750909,-0.07349854476236395,-0.02842213309492202,-0.0242801684975808,-0.04702713028201974,-0.03441064105842933,-0.03819244159077178,-0.028260499546341664,-0.03633320409338523,-0.0352587684373456,-0.04785150591841102,-0.03941378314747204,-0.021595893872946154,-0.04915446899728823,-0.050359410985776676,-0.04115158155768844,-0.03885048522847626,-0.03864881075648634,-0.024912701064943928,-0.03703317666876564,-0.012755040463444825,-0.010821755933555522,-0.05374424819182737,-0.04684217163882036,-0.019739176292367374,-0.017376559315306118,-0.033695643760193676,-0.052044068382109655,-0.04897645643636263,-0.029737885198578437,-0.051299573657799205,-0.012258181427728757,-0.044563857669200714,-0.04703248528029999,-0.04947717676791519,-0.04113501705605598,-0.02855965811200289,-0.021370844777188557,-0.039992877793500664,-0.0653308044822576,-0.06264866225569792,-0.06227448242088884,-0.06469863202978204,0.01679235257011478,0.14678484708949427,-0.053315045192349086,-0.05612667546474803,-0.048900554396623,-0.033319159810044005,-0.03999525909833699,-0.022703656949564326,-0.03727767271721558,-0.019101933499363084,-0.03292623568388175,-0.017597549949236336
16,-0.055540399217650915,0.011771115830255557,0.021049114631700328,-0.03303476185250885,-0.02389147286733108,0.1291998290720449,0.16997683305290956,0.25363163728315535,0.2042584252550978,0.15423629889107704,-0.017679322514910098,0.2132576624363917,0.09044029548694554,-0.0098650723269874,0.12448726451001949,0.09043025809919264,0.12622222332989114,-0.06686160434024233,0.11464604925084626,-0.04622186682720576,-0.014164905000091097,-0.04208349067135818,-0.01807504192796752,-0.018389581557807497,-0.04477658580722944,-0.031234344838692987,-0.0465761366690616,-0.03838393845259085,-0.04071745988891266,-0.03505217687516902,-0.05290523937075001,-0.026839742383543072,-0.039545565397686035,-0.05127042260688153,-0.026919581022461614,-0.03892941986710763,-0.04029882810077921,-0.06140851986325062,-0.02423405105603294,-0.05060730910600577,-0.031641000876245245,-0.028887513940753593,-0.03617000059032503,-0.03139126616379833,-0.031195470706805024,-0.03221023797021689,-0.02719917772285575,-0.0401353157561347,-0.04323131149474889,-0.043288983442435994,-0.025594442502510813,-0.035031587903822006,-0.0297342916036664,-0.02916873129431603,-0.04223753017389099,-0.030956624236227897,-0.028630571061166805,-0.059037380467920925,-0.053547792891633174,-0.040015131611168715,-0.05176401262512296,-0.06467134138810342,-0.04482716589708289,-0.040227884412408293,-0.04376739552796577,-0.05280430865996248,-0.025126585012187654,-0.039204236121687115,-0.029754508392769843,-0.037202087859715446,-0.02842447957977866,-0.04998121845775506,-0.04713141018745504,-0.04910744688496778,-0.031261937192552464,0.008890962499095116,0.15734146420624084,-0.01942891529537033,-0.031106875662946863,-0.0678128738867554,-0.03226144226973047,-0.034574579593238584,-0.043832278197667184,-0.04861563567748403,-0.028383188177954495,-0.04855757982661294,-0.03998709453184723
17,-0.036976370268977175,-0.0287433628845487,0.01959009638846446,-0.056904580114292086,0.0016202199905760656,0.14561380356760611,0.1500645987899613,0.2530234734939909,0.21125667766897543,0.14322270352181388,-0.048362219793087656,0.21244853454332777,0.08718576263680992,0.01599642015437981,0.12546206362255927,0.09041922125071139,0.12543481311957225,-0.019114871022552403,0.10836920061146792,-0.030042303475035892,-0.03400478052590536,-0.03660611984437993,-0.022529159362587193,-0.020945048867095143,-0.014169561453366487,-0.033262022752189375,-0.05349566163369256,-0.020554893476085436,-0.037007714108444514,-0.03658590475043151,-0.026941388222192136,-0.012762063917291141,-0.02919392386039173,-0.0618615685360677,-0.026240863495674303,-0.03889856523392559,-0.042414075530482744,-0.015205975522681232,-0.03316279587585941,-0.02907447248021655,-0.058563791787779124,-0.03957220042144747,-0.03941452694896972,-0.01786113145240812,-0.05035075051574485,-0.0342710311913535,-0.016998848181110405,-0.050754561273730806,-0.04849336584720481,-0.0544959419827029,-0.04560216129834738,-0.03779824520282462,-0.017092114705691497,-0.039666565830374985,-0.030078792243908723,-0.025188787488928062,-0.04851282333074957,-0.04192051121520784,-0.019845933883763923,-0.04092863485119135,-0.04256508293101709,-0.02586890419259386,-0.029644374269089353,-0.03225618540164238,-0.042059987953946276,-0.03461863409119055,-0.05465383941392886,-0.01894764459392741,-0.03337641172841234,-0.031164472809175624,-0.05271204684996283,-0.016130181730639858,-0.03989706596896811,-0.02696346356082644,-0.01805540154757899,0.03899515658365648,0.17097899144382572,-0.031139284890097842,-0.03846993638118193,-0.037833617886413796,-0.030318416258158176,-0.014096712649098743,-0.014233353312875723,-0.023545033337556226,-0.0443068699503673,-0.048021928825975856,-0.037977718088637764
18,-0.03742897426962314,-0.005152418576532208,0.02296934207725953,0.0005625450853241425,-0.0022426777220706635,0.13949523773153824,0.15470021487906568,0.256672499993101,0.20947414778884366,0.14610521418781264,-0.03340016537145008,0.20502054341983164,0.07765850993479868,0.012296880065253818,0.11969645725351295,0.06525960800036257,0.1336676562315135,-0.024007362657999597,0.11012551185700992,-0.06410288573376087,-0.023424039642316066,-0.014369192602354882,-0.024116616370786194,-0.03691692678183195,-0.047898272031816715,-0.041646678138261416,-0.03024062361396962,-0.035514312442588576,-0.03721779870276531,-0.02888344309797194,-0.029855507719135272,-0.027477697757128643,-0.04671160885485615,-0.03743423251036543,-0.03157423319451833,-0.025086607746581467,-0.023058864281198806,-0.047955653694070864,-0.034303891591114896,-0.040117028988465475,-0.03840667565746978,-0.04315890195741818,-0.01769088948411583,-0.02484921408289448,-0.019243111114698473,-0.016368614190058473,-0.024281086073678085,-0.039395499447579176,-0.02759698855696533,-0.05356898773914794,-0.042099975947847625,-0.05047294060030911,-0.04782642069473253,-0.04007071559144782,-0.02686700407687585,-0.04151046680624183,-0.04067704641660577,-0.022970119852136876,-0.05564636146621976,-0.07630643704275188,-0.03240726736097783,-0.010379247891354667,-0.0352118840879241,-0.020504775667000857,-0.04516907055997285,-0.058161989905127304,-0.037640441061077404,-0.022820864959382393,-0.011422237786469306,-0.03173715237433427,-0.04774173094958808,-0.017235835610114072,-0.023358422027961897,-0.03258018754473908,-0.03708413333138451,0.011383858501308209,0.1748714407291527,-0.050208710522720544,-0.02931290216037176,-0.021149512770335274,-0.025951376740720983,-0.015516756080337058,-0.03700159142073163,-0.06533953461733065,-0.02712755138248847,-0.032716348849814586,-0.03951408104769195
19,-0.05045708512720932,0.01691822981468699,0.010016839554395418,-0.02741712631028019,-0.00019304365568968395,0.1380521549359923,0.1558231065127141,0.253671613288289,0.19903426365472388,0.159113205010186,-0.06198105128585758,0.21090124983734418,0.10947911125855504,-0.005748624565249604,0.1266864247466264,0.08043427747284461,0.13076017716497637,-0.0328693658192127,0.0942386403014538,-0.053926281815685484,-0.03999847607102638,-0.045480986152886024,-0.04588643617771363,-0.010617112285730191,-0.020321985586057127,-0.03692636836966263,-0.03391486011856072,-0.014464596406346175,-0.0420348403414603,-0.04161851965847217,-0.048452062490921655,-0.028317673052004857,-0.02235939433333256,-0.058501869878377584,-0.03690674486430985,-0.035440712462179766,-0.016930531147124443,-0.06404277699017988,-0.042300076960656914,-0.034709547196508664,-0.0501360442382715,-0.027082883596517046,-0.04045113708381396,-0.03242912783563649,-0.04099603500723123,-0.04530737731999463,-0.02932656212502324,-0.031102057891986043,-0.05323631241107086,-0.034704701227812475,-0.03808359716311305,-0.03192873616049364,-0.029688980320755863,-0.025607911725686276,-0.02493225025557491,-0.029320256242848886,-0.034668166888198404,-0.032875801356097634,-0.04548194894220478,-0.033169647366249555,-0.04964775495234011,-0.036094544056108305,-0.03910098748444547,-0.03252455925079062,-0.04191238151158157,-0.03963535004767544,-0.02951707417485719,-0.036438571379883336,-0.040531745320882426,-0.05089383525214448,-0.034649100138770754,-0.0566121257399878,-0.06907966683785573,-0.02524672292694504,-0.0397401677871321,0.06453381422534883,0.18005899160140124,-0.043242469977088915,-0.04676877059429135,-0.02515915405762212,-0.0270683435797546,-0.0351857037740016,-0.03260879923025342,-0.05274837460767592,-0.043641404891638536,-0.029167586174424262,-0.0412242905546083
20,-0.04664203808637517,-0.015872759740143533,-0.0008231322327726725,-0.024339882160047666,-0.019737066347949833,0.15381351451523462,0.15648569762968126,0.25128108147814243,0.21656822339770218,0.1587380188613159,-0.034357248423086635,0.21161961482515043,0.0781324806351914,0.0226347354504518,0.1301098013983021,0.09061681406949067,0.1326525470221408,-0.021372833672826705,0.10576323835360968,-0.02219798983729777,-0.01924848789051759,-0.027298665584191726,-0.02370055742822145,-0.027325007017598206,-0.03431147204846461,-0.012593059399449883,-0.013086278992868365,-0.0331591939616996,-0.04193458611354705,-0.04911589686262961,-0.029311920337519153,-0.027898047023863618,-0.019910023196590868,-0.024643341393992494,-0.036031089782067316,-0.013813865622146183,-0.04370250114326854,-0.01766879133940355,-0.025808210334795023,-0.03396710979435614,-0.04531460037250701,-0.028511661879909472,-0.034507447628590364,-0.07281980715948318,-0.07880074193156617,-0.03743492035970027,-0.03581737099025146,-0.03510142266517761,-0.03746328425022331,-0.062398676921440875,-0.05580017859076537,-0.0483843131939666,-0.03811832798590523,-0.01635765445275278,-0.043259937451078284,-0.017365216258534318,-0.04399603165146304,-0.03427770725585561,-0.03729346574648523,-0.02812966643582079,-0.0711003587347026,-0.0532819251293892,-0.03133382624385944,-0.027006801487169593,-0.03225142768257133,-0.04651328513377496,-0.03384365368821804,-0.03951300425896404,-0.04244269599535679,-0.04534499334751831,-0.03641480116745586,-0.04536521108521578,-0.026457409748649297,-0.05622890872487095,-0.06120760768733315,0.0013966876052875607,0.1551332354115668,-0.07172144008320507,-0.0717497667096293,-0.05063220885327576,-0.03330638664492387,-0.03147430356612045,-0.04097393057624898,-0.033292011941802174,-0.023897958989389796,-0.0283811407485418,-0.030109090806872813
21,-0.049785189829097395,-0.005987935655728086,0.034426896396837235,-0.014259406751069164,0.0018373807945820495,0.15757240597461394,0.16529066410899654,0.24790082240697667,0.21508501667710353,0.142513341939722,-0.05068214275550007,0.21747593513523217,0.0862645729485237,-0.0005853920217274947,0.12199011455150856,0.08071778609408364,0.13603897530637732,-0.05477758898282479,0.11033730246008715,-0.036377683796091215,-0.024177844639103156,-0.06537657058122046,-0.04284967161318039,-0.033625789782303704,-0.037858287428314145,-0.022947167408370862,-0.03297273654790408,-0.023522387022409226,-0.03395580932411282,-0.03951904194627523,-0.044008553326715834,-0.04270607704496789,-0.05745148443688457,-0.019925941021588824,-0.02393354056135645,-0.03194987838827383,-0.03615848290300192,-0.012383732540711737,-0.015157026644942711,-0.018141819912713405,-0.030016963562315185,-0.05485484946199083,-0.04772952303731395,-0.05924069086324399,-0.05119145142590274,-0.028938282441828875,-0.03702838175359357,-0.042153129117709624,-0.046956212478073155,-0.039618644846905915,-0.04284126234192994,-0.03549525945712662,-0.025153814565881488,-0.03813862176353158,-0.03991133374139712,-0.02585299822756358,-0.039422793153519785,-0.03398947931677661,-0.03222282835138794,-0.02359887820150236,-0.05568932654917113,-0.0313722638918238,-0.02121366270661848,-0.025703425956434083,-0.0464614592495086,-0.06098511580444907,-0.0637183324905385,-0.04829122510464135,-0.04551164657560515,-0.031483773653089166,-0.013917740752109744,-0.02751337672295833,-0.04545191924686082,-0.013723877760609182,-0.02589685510104158,0.027469149546722513,0.1574797991927691,-0.03320635473491999,-0.029265260972963062,-0.05355534943611819,-0.053625515255281295,-0.04329495494605934,-0.02987538515800216,-0.034577372341203276,-0.06018031268925594,-0.053592171169346337,-0.05842509797813039
22,-0.06782450141798287,0.016843706483468467,0.0241021023551938,-0.006916053527788228,-0.004222786561120631,0.14043710900198797,0.1651381301428753,0.24210330478032582,0.2148411650526692,0.1571746219784735,-0.05330748415410212,0.21246196980694937,0.09505589124991541,0.01854307377482597,0.12805908118135265,0.09848083404001023,0.12619820928647021,-0.04410433312272444,0.10712037497174767,-0.062293569486370284,-0.04950815482692243,-0.03910761721035312,-0.045297889430992805,-0.044700191924235834,-0.03243879392577597,-0.0674445826602833,-0.049169470992737066,-0.03236321682919892,-0.023590489863090116,-0.021406369921129768,-0.043487645133444684,-0.021128219301697254,-0.024358594491647248,-0.03602560883012901,-0.03204473933229451,-0.03198302037795015,-0.04270229177792805,-0.016945186552344903,-0.03567914017864165,-0.02991831697116967,-0.02981940698371915,-0.023163672085929614,-0.014437728858067954,-0.03617313931887855,-0.02561916949701772,-0.023470404273613965,-0.02366765402414826,-0.04896675010943923,-0.032299613919939324,-0.035533641697828154,-0.025545310855225014,-0.030536092717570577,-0.03833267067980604,-0.012113335631379745,-0.04526516918762264,-0.05108924152378263,-0.00541357441489071,-0.030159822376612095,-0.025461747262832422,-0.023242332264780004,-0.030665835278043865,-0.02423537642174832,-0.030287174768207612,-0.04317751892956803,-0.024770273069590978,-0.01825115577560459,-0.023920230803811643,-0.03881413584067634,-0.04032906041160066,-0.03408475948195992,-0.03871347714655508,-0.030115922619415307,-0.03062419013509373,-0.027076746651899575,-0.04258105213683403,0.040403309175609144,0.17625400791745652,-0.03843202026544272,-0.02499067901358626,-0.029205535785339642,-0.045566908609360926,-0.052000042425424615,-0.018250133748427325,-0.026856459988004858,-0.01668771877804878,-0.030078506993119567,-0.038955440030529025
23,-0.03875508463026376,-0.0032555922131534236,0.04433025872232415,-0.04002144838479805,-0.01544741389239478,0.1366458597366094,0.1683642804657388,0.2521693186804705,0.2129390580001305,0.1565353821957753,-0.04554890502781966,0.21255648823798307,0.08260394477300487,-0.0227523732033415,0.13798455837542123,0.09521794418499054,0.1206603006798292,-0.03543125665825458,0.1137924040943603,-0.036333015774928444,-0.026494854141739705,-0.03238668230082429,-0.04172575142979729,-0.04842905120568214,-0.032076674370882914,-0.04794933740891317,-0.020533860775252006,-0.021124465268598385,-0.03758164216361192,-0.03863681342883077,-0.033179212961916546,-0.018601769550130005,-0.051165510889427376,-0.06286716396822917,-0.028530107055131166,-0.02390324369848157,-0.027084692893520623,-0.02849697829742691,-0.0356789041217916,-0.04278763265706612,-0.058574518072010084,-0.01601729934139207,-0.037885292098804944,-0.03706602236348967,-0.05112391816415004,-0.04237042816992654,-0.06746007546869391,-0.044123699801350405,-0.03593144419629852,-0.030155705279329714,-0.037466468592379815,-0.02523193128277733,-0.05191373010063891,-0.0651553782657934,-0.05117042724114026,-0.036589636858985974,-0.04037303904407589,-0.03733690378532939,-0.01600987261766146,-0.05463130143754028,-0.06101683473496903,-0.04224533882942677,-0.025903223340109083,-0.046871102550229526,-0.03298123039599185,-0.02439627148936705,-0.027468977401918136,-0.05477364477983529,-0.048895067890106156,-0.02576527022141681,-0.04748319758379241,-0.01297000492597275,-0.03591661252922829,-0.040037495917824614,-0.04586289699983883,0.013847309924080429,0.1761692004613877,-0.04378669872608408,-0.04789336501789349,-0.040014589414066076,-0.0702820679223037,-0.06339406100204385,-0.02793406658029071,-0.05098758292215886,-0.06036657067989116,-0.008290814183766265,-0.04508194576531417
24,-0.040869761043305544,0.016157515745203348,0.024655127153363317,-0.019981598270876203,-0.0015421693899331597,0.1523712190370572,0.15755329771184898,0.2523705340755755,0.20813904633482425,0.14522068968299578,-0.057872921949599865,0.20489832549615475,0.10216837837609728,0.024081822804012352,0.13415258817006004,0.08016313465928775,0.13162377148675833,-0.05884200753969387,0.10904635584058098,-0.04981764238254572,-0.0301384935503235,-0.034806463406739985,-0.03876003509665448,-0.053247314827197044,-0.047044326120492995,-0.02644133177584264,-0.027595769691267327,-0.012308816525702143,-0.019321632981083265,-0.023780773015761158,-0.017128675462441793,-0.02657734660286191,-0.02015630061371513,-0.03762566570340407,-0.035412460056254494,-0.03398328220878159,-0.06199931624331336,-0.059909031245975033,-0.01774557363727322,-0.03768974721335041,-0.027676642261733657,-0.05554229656826531,-0.028583569698983347,-0.03170492769846902,-0.025608439999106093,-0.03802580888603352,-0.0277608623131702,-0.039611436268527145,-0.04606697653390839,-0.048021157610097065,-0.04348424095770033,-0.05448271539715616,-0.027446341836453385,-0.025169033042784592,-0.03631208007131651,-0.022429279533884412,-0.029306209947062695,-0.036840061167576564,-0.060052293813926974,-0.03164377539312411,-0.038101582700476165,-0.03927855142541371,-0.0366042318236651,-0.043104702735546466,-0.030492813433854654,-0.015322888958369259,-0.05626602629189766,-0.020247755978917946,-0.026925370167905686,-0.04519874850043694,-0.01364723476945281,-0.05598069803628777,-0.049742894567783164,-0.021185580492963315,-0.03158697367349491,0.030006176871908777,0.15367600950483484,-0.05387014005377256,-0.06501712940036389,-0.031443525104167105,-0.054682581645762486,-0.022017988983440928,-0.043717110434320895,-0.016297493840962594,-0.020512026712451868,-0.032540854701318,-0.026648307207512878
25,-0.01701807706015427,0.01614018290848713,0.02038890949515064,-0.053540617899568384,-0.0030257096218028485,0.13471242013808107,0.15837073087287173,0.2537716781387659,0.21636059837772373,0.15384330677226252,-0.04125067430284464,0.21039236647820067,0.07585234762021292,0.013213813961605477,0.10614190226831559,0.09086157848255462,0.12750648774485404,-0.0659432174386172,0.11096518037266924,-0.025363976538036098,-0.022204140035064483,-0.02289787075121523,-0.031266301311775796,-0.05071182085482954,-0.023627931306572397,-0.040220555350924406,-0.02491102792989919,-0.05695364772364434,-0.017712719692326795,-0.027270497667130206,-0.0356848498991463,-0.04208493147183397,-0.02198506673621054,-0.03441106062723046,-0.03239610413427814,-0.037462728860099326,-0.01205888008802152,-0.01945402481577821,-0.04232078456379815,-0.028111396855593516,-0.034339955269666475,-0.02351359806663696,-0.026354407149980927,-0.057553390856009745,-0.04029102943930887,-0.028603888819737272,-0.033546601234060766,-0.02863987647396606,-0.017350302709957768,-0.051263273904714746,-0.04269401198961011,-0.02191856300592228,-0.03839134360079608,-0.03811873306840295,-0.032087865976767854,-0.041220982178087805,-0.03284525583077408,-0.05166598877203724,-0.018707017523800586,-0.03653790020756019,-0.02285058672989321,-0.022187244695368633,-0.021846428859823214,-0.03651343598348986,-0.03848962750251866,-0.03664819784095125,-0.040087581904153693,-0.019488050405080466,-0.027184240268339762,-0.05069168540253845,-0.05388146872033843,-0.022845681799263346,-0.020295334212535487,-0.02855016682662849,-0.03014643125052271,0.0717915170002547,0.15873082498124383,-0.033537353396501664,-0.03158944295770963,-0.038835956618945296,-0.04538846092203265,-0.02329618207516604,-0.03319828227596777,-0.012221649410985136,-0.038643131793595846,-0.03642983171423342,-0.03807245490058883
26,-0.053059652207635526,0.04111853443908417,0.04532640658837512,-0.039557779475529624,-0.00856887334545771,0.13940487971669813,0.15946217006461005,0.25308225478250806,0.20997958715596957,0.16358295368881573,-0.023527479387716228,0.21253153622429755,0.09718730592421645,0.010228285589428045,0.13302306711710063,0.09642799046221631,0.1118985526309895,-0.06950316209520989,0.10360316884257391,-0.01629651675672789,-0.02588636578714354,-0.03489149243069282,-0.0327325933206509,-0.06105638424750539,-0.03678533146218325,-0.04129543883437932,-0.04278773363827358,-0.013536348257324077,-0.0184488032299098,-0.025718163136098923,-0.01572235315344459,-0.03810711636025688,-0.023401816297290153,-0.03310156558032984,-0.02974272613768951,-0.04273358688628846,-0.041693653836557494,-0.04895314842515472,-0.06087244161643538,-0.0559569761842759,-0.04820749704486273,-0.02724051470457662,-0.06063140252793208,-0.05235085550311918,-0.043420195544947006,-0.039844517272430865,-0.019029813775076693,-0.009785707660297925,-0.017724752591778345,-0.03447124020480554,-0.02366417344641259,-0.026628058802231944,-0.05743858535024218,-0.05460184574996418,-0.01868715950135767,-0.02019579415110459,-0.01673840795139865,-0.029199042134861436,-0.03556529706749822,-0.03535608953880974,-0.017212001656798332,-0.04074525335081563,-0.05160297471872735,-0.04642751042213482,-0.046177895570304064,-0.03965713371023153,-0.05116774466870269,-0.05976074462357166,-0.02169884815875254,-0.06263038998171981,-0.013981403712252824,-0.03361247376222259,-0.02069397103927445,-0.06681317539852938,-0.030146431250522708,0.008613794402295783,0.1913765659083085,-0.034677621234272996,-0.024585332936216144,-0.06461826564097059,-0.03236801232194577,-0.02887431522052207,-0.021547532194419253,-0.04696852297929656,-0.055637219558783826,-0.045983033865769476,-0.04013687922574863
27,-0.02502751511639415,0.013145438019732322,0.0360635476362366,-0.02226244101583463,-0.009290221542781717,0.15490792726539152,0.15830487986655314,0.24886928717304305,0.2145290814857281,0.14145102160819725,-0.02708652265568315,0.2165887680075408,0.09421042396619995,0.006064860433240348,0.13411945307415388,0.09573537949940895,0.13527123248068448,-0.08636950042345964,0.10244598761912077,-0.05155602609708355,-0.03912760865394934,-0.03163440492766014,-0.024965675555025286,-0.0697246970540689,-0.03443670615131962,-0.048368184365772185,-0.024980438327590948,-0.02677632510464158,-0.04207137972771666,-0.02743452141029041,-0.03708734421268736,-0.02525486976412987,-0.026647428099725135,-0.03684300919749273,-0.021511721817468167,-0.05528659378370454,-0.07088912436959756,-0.0545678327094614,-0.04140538104539415,-0.03952090044719305,-0.032370666277861955,-0.060963716030351514,-0.031792927351255405,-0.029217659533101237,-0.03367874460594251,-0.048183942541965036,-0.030988729290797698,-0.036119366482930584,-0.016569536786511196,-0.05513565087732212,-0.017102908291308255,-0.05752878851532465,-0.05396172353211539,-0.0318758766056215,-0.038097989879589775,-0.041403865824680655,-0.045882814389636005,-0.04646963526474997,-0.03416614598221007,-0.0363349648951346,-0.027528811344822296,-0.047700746802506654,-0.030356513956759156,-0.021386142528949995,-0.024350540865856623,-0.036379377046593844,-0.025581595534233847,-0.03813622271398095,-0.034841565084760745,-0.05111885135330525,-0.013349536118772536,-0.022138701314533327,-0.03075409094448669,-0.033033384637077744,-0.05272123589306303,0.06351160364332245,0.11434221098273176,-0.04847889912330266,-0.04292537855128881,-0.05530562348984957,-0.04071847700032265,-0.0631034332258584,-0.03003139183215583,-0.03170112001841016,-0.040220715761300915,-0.039132735742000616,-0.02257599927800526
28,-0.02364369259836841,0.00647933276828696,0.04421366862715853,-0.02399879019577514,0.007994214380255204,0.14955961927747863,0.1492852561896659,0.25522295005745477,0.21367477249904415,0.14738055365114375,-0.03936371532452141,0.21585081543261334,0.08906749321825076,-0.004367627889866178,0.13238105414477072,0.07443916849912899,0.12664028679999909,-0.04754377081785733,0.11284584410584825,-0.0516222968204957,-0.0480433404172937,-0.050583120421165265,-0.02939159309752846,-0.042789367019455196,-0.028537247450214714,-0.039544381340422353,-0.02539662787525815,-0.024975569357010247,-0.037496723476592525,-0.029195655533630505,-0.040977074641229745,-0.04133897707247011,-0.022288163018590393,-0.06162300944715317,-0.03656974515574905,-0.03852751058603372,-0.03058485378869103,-0.05766349417809932,-0.027113379607708262,-0.04861471278422932,-0.04593254434519059,-0.07305907735395653,-0.04260031428677932,-0.02256418394319617,-0.023318782917449897,-0.058353173485583665,-0.047495496425526175,-0.050864531542719346,-0.04305442743398377,-0.030218115573227285,-0.030667153470891995,-0.02857138194676911,-0.019205508406680633,-0.005947754506338643,-0.04413372185400979,-0.04949682912497169,-0.024077295430938513,-0.025752055518228293,-0.029235639685001594,-0.0393548329455665,-0.04247973155940814,-0.039293747449504764,-0.05942275584679294,-0.05739880961964711,-0.033311694827465904,-0.012211258367446078,-0.020856410798896028,-0.026560935473091043,-0.03748333289414752,-0.0476086339838763,-0.04704412386303828,-0.03310797628913539,-0.024704566351605617,-0.042792171848449224,-0.03156314901058215,0.013267366743240742,0.1575615962897936,-0.06601150848855203,-0.054089639316060395,-0.0238667388801035,-0.025917156245624837,-0.016234971536608998,-0.0256442712301835,-0.04942932601062433,-0.04758305792803887,-0.05997578277535983,-0.013424683082323492
29,-0.023643692598368352,0.02066314552167613,0.04965578691931364,-0.05534791323413506,-0.01857831137266532,0.14790710874966584,0.14880167563272909,0.2520020036967649,0.2124560101479839,0.15953203609438585,-0.04385643982032606,0.21278960398829447,0.07453417291422336,-0.003131609440167831,0.1165118405492718,0.09327895236461811,0.12724041932152363,-0.03897234161159149,0.10143639359537647,-0.047047667357724386,-0.03996073872495798,-0.03008421871313271,-0.018075041927967373,-0.03547957081112895,-0.03797560886212701,-0.03242464336451545,-0.04152546162596915,-0.029769592976392083,-0.033956809562625694,-0.036295563294345023,-0.04329699825618346,-0.05604080591931515,-0.03716672089382043,-0.031060288187862984,-0.028929419547199076,-0.009612824719746563,-0.0143976042524077,-0.0427348400658249,-0.04005625009051007,-0.055488867159070386,-0.04084068793980112,-0.04196390152566738,-0.04771347542305744,-0.02071761136738508,-0.04199172250196125,-0.03596433312545854,-0.023862847736147517,-0.0400875153619855,-0.02495790106231417,-0.025337487230299924,-0.03831238731657923,-0.04173571416661611,-0.03335360937685132,-0.026630254878671607,-0.05318263486184119,-0.018917451941250673,-0.04589614835099934,-0.028384367616483466,-0.039948841134270247,-0.0661003662337735,-0.02957121282142319,-0.0161596816071592,-0.036919938663155294,-0.043308525598847625,-0.02985313670524129,-0.029937084577214217,-0.016847774871321167,-0.042434388331983625,-0.038495916685659985,-0.04890540029078275,-0.011082148319438594,-0.05305727402770613,-0.029182682261842653,-0.057379251561964335,-0.06347837297930921,0.030843739778995967,0.15580203881433405,-0.030787607233999904,-0.03953204543340438,-0.021351519794868493,-0.06697298157150831,-0.04469435103928351,-0.03281674717862203,-0.020864098020233618,-0.03580831674983524,-0.04473346686987604,-0.057161792007428054
30,-0.05791498250122178,-0.005326618656279164,-0.016456334131688864,-0.019764734775318833,-0.016476443405882814,0.1541612423809244,0.16390388713603554,0.2548411707370004,0.20608385117933223,0.15998157427122386,-0.038500010123046026,0.20967949615894335,0.10575236183865207,0.0011887357132521442,0.13684638806915284,0.09689810297941003,0.13229873425272598,-0.04092054390993159,0.09975038942338602,-0.030750304935275658,-0.026420858156805713,-0.02361991472140499,-0.0473304321153739,-0.04616923938692323,-0.04182099780353535,-0.024339389271625368,-0.055996329071129475,-0.03480465977958091,-0.02960777992515987,-0.039512069041542724,-0.03426331552717433,-0.016415839864891063,-0.027420023665670923,-0.036145351380718796,-0.024831400779401193,-0.01838307238144109,-0.04486350540363172,-0.03446049019191267,-0.02475554724687726,-0.041256774610671516,-0.04427696200521201,-0.03897816514021849,-0.052453476555920975,-0.03946932957339103,-0.043472088148590805,-0.02935684507411275,-0.0376033318115016,-0.027325716546752213,-0.04712284152766777,-0.05614344888812138,-0.00986179475697141,-0.04265174163630993,-0.03576012644729479,-0.04231750354006188,-0.06854123747899431,-0.05082256857253902,-0.02569539185081248,-0.02645939052082096,-0.03096027616148963,-0.035117380986313784,-0.0457994988647522,-0.033345923318273206,-0.03945216966297691,-0.03965792469407232,-0.06765831837790179,-0.053584125452825336,-0.01836337092462576,-0.03327205541984733,-0.03698273985200883,-0.05080501175410081,-0.05821143783242866,-0.027825115083526208,-0.03335053123884149,-0.03701029720395963,-0.03188185023158235,0.01750533381352863,0.17902666030430373,-0.055537526211359586,-0.047741292360005814,-0.02539294650655797,-0.044551724523050715,-0.054662179767450726,-0.03671857591513746,-0.05307785625563725,-0.017503068928031506,-0.04123195908427514,-0.046180129264607114
31,-0.048064377071603416,-0.026845677708606852,0.050363410343349534,-0.01760145791618658,-0.009668366512534166,0.1426257301895721,0.15592419861045848,0.2556277225891983,0.21408500131098743,0.1424551338560303,-0.025171479164598557,0.20661048773309268,0.09417919503418322,-0.0014749353879167735,0.12399507984163825,0.10197826052505651,0.11879536180968016,-0.041424446480765716,0.11515403540896033,-0.02353311929511155,-0.01984912308821091,-0.010493629221840705,-0.03201291709454858,-0.053169814255490784,-0.027624561991650174,-0.02804137448374875,-0.05459475376246022,-0.04909056876850657,-0.028517896377316908,-0.034314607744219426,-0.033326554766632065,-0.048908947303181904,-0.04903262283029144,-0.029436714715545386,-0.04389574686902397,-0.022139427120897396,-0.02504348212387228,-0.029381298303691235,-0.05175738219743449,-0.0624281263988821,-0.047813360341032465,-0.06585973578628976,-0.053052642657562245,-0.0846133197269177,-0.03983183104907712,-0.04614003241903623,-0.04945886993740054,-0.04594527419529221,-0.03045272750874749,-0.06262264962041053,-0.041005291784085095,-0.05825349870841661,-0.04002108725669907,-0.04207502444738634,-0.05778100717618195,-0.024728994516020106,-0.06737387625401446,-0.039869706756337976,-0.01922178024412247,-0.017315466083316695,-0.02899208774087354,-0.054387956497573095,-0.02106977604871093,-0.035056575633150226,-0.03463752341345817,-0.046974633112311336,-0.030137469537366336,-0.04601809177365843,-0.04293356814106898,-0.032035940237751095,-0.04614358460414455,-0.03862754207408554,-0.026821394651635515,-0.055823032936130126,-0.07252455120622453,-0.016867034823154933,0.17466093473420108,-0.05092617680914438,-0.04345117316679297,-0.04957767004866175,-0.028034993415372206,-0.04852015979379761,-0.035346091549189794,-0.02169732308182293,-0.01421735792110264,-0.061359209930626844,-0.0313864524649725
32,-0.07668022524540938,0.03552730741213097,0.020001716531846903,-0.018184036446041142,-0.0035880181595039215,0.1492271397763947,0.15520775897211048,0.2478491239457377,0.2182033448889083,0.1593011575216979,-0.015036371950448478,0.20806842561667843,0.080713986127487,0.018381332634203062,0.13930953322902187,0.09419779163264821,0.12775411761318087,-0.05604363902999627,0.09631128982250828,-0.059829825707761956,-0.046802137683256285,-0.04862464310096332,-0.03762002624940529,-0.06341701846195202,-0.05671978148441345,-0.027969750282644944,-0.013730055602618564,-0.015656114745706055,-0.04127212279706811,-0.04130145543831228,-0.03822958573223209,-0.03036307891096586,-0.045312177273984414,-0.03196053960131337,-0.027492948388519216,-0.042685510151534635,-0.03676862614831557,-0.036991340269325046,-0.05001512401840886,-0.03254081984006113,-0.031612714925845185,-0.04089183686207734,-0.04409970723212227,-0.045873020464465605,-0.016864722303714795,-0.02286968292347583,-0.011150136225037828,-0.02652827326138766,-0.026666751129337876,-0.03845739364593813,-0.014585709195429694,-0.04880587626532989,-0.014438020962992053,-0.06997558997493054,-0.050287586801193385,-0.039978550083531024,-0.06943934192022432,-0.06967251324229842,-0.04494638607650479,-0.014591665092537384,-0.04406907983231468,-0.025508026209445766,-0.05123164909702453,-0.050492908663775045,-0.03444573565582147,-0.03517403167483996,-0.041398768032905986,-0.03851919724881714,-0.02071340976450889,-0.04392914702435235,-0.027109650449316975,-0.02274261950594329,-0.029544933336875145,-0.02543653885445369,-0.042057010307043285,0.07953780483614539,0.15693211887254763,-0.02881932294201295,-0.032397619221993884,-0.04409150552241265,-0.07129160948999831,-0.04113048271860816,-0.04517178908437787,-0.016756993102688394,-0.03472935691807464,-0.03959855808444377,-0.047847737804384255
33,-0.04127969869493347,0.002465701533595063,0.03181114423637398,-0.04638438985168194,-0.02132390294286118,0.14708861788040714,0.15982597741760496,0.2498757302649264,0.20881884880174478,0.14545677365190504,-0.04850272864905607,0.21403555225589269,0.06789217395324593,0.0032174057207649846,0.12424802353842301,0.07954340816294547,0.13172227858773583,-0.029301696913746254,0.11192478940135885,-0.03344390738037484,-0.06372354134553679,-0.07287540972456417,-0.02248910866917111,-0.04555400702992972,-0.035587916291051507,-0.013547158813361847,-0.042246201311463435,-0.03824159762351343,-0.030927806950735996,-0.027890551212204306,-0.024887834396586386,-0.036238407257159405,-0.04233102534328805,-0.03176501993788053,-0.04200944896045936,-0.05831969107049433,-0.04321929714825286,-0.024972743840234554,-0.04531711614999077,-0.0228848648367864,-0.03721385908691645,-0.045262172517699095,-0.02830856508899985,-0.0253857647324036,-0.0683392671788849,-0.039487816116358855,-0.031125340836198976,-0.020020637084438398,-0.02102772585652015,-0.04619274168450839,-0.03582532339114777,-0.060189259325316095,-0.03124037348965326,-0.011802253879780601,-0.03487394560263313,-0.007546966948421357,-0.03724567908009998,-0.05813985826631354,-0.05605855401091663,-0.04848955502859644,-0.03007304219084295,-0.0566645403788436,-0.02946653596527829,-0.04411903984038294,-0.050450256632649265,-0.05833410742144924,-0.03565482377605813,-0.05997163502491379,-0.02068866163378545,-0.03988660909768317,-0.024766821825467068,-0.028480789461742186,-0.03470641296842316,-0.03681651958360783,-0.04840363369285655,0.05294346912561026,0.19317283347487782,-0.03707521853304807,-0.02488822025181306,-0.042201617529700565,-0.056957353138295856,-0.043483230695370134,-0.04774134582686192,-0.04176740001581749,-0.03181262386771227,-0.01917077443211199,-0.03520979913688039
34,-0.018893577216624328,0.014753901074609903,-0.008980421693279459,-0.020350500046253592,-0.012027698284312473,0.1315537211123946,0.16883792943932985,0.2515457502115684,0.2052004152664664,0.14524471270884598,-0.01987514412250781,0.21310194089522816,0.08482061108444516,-0.020433539278435216,0.13055650590237633,0.08979001011274522,0.13225093461106727,-0.036792864434962574,0.11447371929079399,-0.03894566851932717,-0.009105208649718362,-0.031431534814546844,-0.019046490407323566,-0.027979905701477695,-0.03629504397160328,-0.03779763058446601,-0.025967974533227266,-0.02833909646944701,-0.07358840238097401,-0.05765349108515848,-0.047334609907321135,-0.04539059558216353,-0.024732141226831178,-0.017621757230261832,-0.04577434968193135,-0.025345042327480784,-0.05457844770012175,-0.016222658036150896,-0.017694085391738116,-0.03927012401253034,-0.027184317446741157,-0.05971547927438028,-0.034890754639564744,-0.06439980996367993,-0.04837951875575815,-0.04518793072593596,-0.053788250914706036,-0.04976417622031451,-0.06331225317713919,-0.037322921673048494,-0.04986917054066274,-0.029071435037972645,-0.05246193966774894,-0.0441774943647975,-0.02335400404521233,-0.04238887902351057,-0.06614882102704016,-0.06411216332498189,-0.037758638273545225,-0.041487951912024576,-0.03594666163864109,-0.06315923804841474,-0.02170379636964812,-0.04349104353037481,-0.0346575552300913,-0.0337998596368032,-0.03393947642467636,-0.030149412627726354,-0.03331665118006753,-0.016219729025198273,-0.05389548557989433,-0.04908728397310914,-0.05160942929643919,-0.03356337045009605,-0.0517630133657199,-0.010041741311165739,0.13442743891894196,-0.023940109200192686,-0.026978479285743893,-0.02353467870832315,-0.05275738937493717,-0.0439947043376258,-0.050334635286770346,-0.022642463247340944,-0.02308838315637342,-0.028983462924869995,-0.05418698283767403
35,-0.060475041195399176,0.013438354686662941,0.04254412878539992,-0.0373270181119263,-0.019059515604801246,0.1594765831242072,0.15710139174458457,0.25238389221009094,0.2161666758617469,0.15309764505877846,-0.0343572484230867,0.2152578462979558,0.09098486737522728,0.018957899920765988,0.1388670769762112,0.09062742910941517,0.12202955266825288,-0.03232718393280019,0.11042814777998138,-0.04800366547512657,-0.041685054524176764,-0.03565459685310952,-0.07225786127290723,-0.025094548456191447,-0.04400502690560087,-0.03784730163943879,-0.03632163239556435,-0.03299264544791153,-0.0347220608112501,-0.030738523298434333,-0.040431433820267794,-0.027620268575616027,-0.01838578081801242,-0.061562363966085214,-0.05724000987657449,-0.0422539049667263,-0.033793902067587006,-0.03273228088574628,-0.014721035072704234,-0.03455786860189311,-0.04102998057127461,-0.0358899951289,-0.05976102710090766,-0.02855720643995275,-0.039471399163072574,-0.038557346026844574,-0.0359588330971894,-0.05565312819551848,-0.0466914687357272,-0.03704170011799174,-0.034521517022576866,-0.05428959103328061,-0.03954401310177268,-0.03629044534633358,-0.05113718200525707,-0.06750671006982414,-0.05797523522941074,-0.04455871702687362,-0.07738032123656621,-0.05257494814384589,-0.054008222711936484,-0.0421591020547524,-0.03209221345924833,-0.05339495206052773,-0.023653538195296298,-0.041523426752625055,-0.03875422301542496,-0.04393051386440687,-0.032770551273759385,-0.010955487246648023,-0.026645430046475425,-0.035882880171449985,-0.042147278063383926,-0.05287202931630328,-0.05606391165969192,0.0030428746722536695,0.17235497092171978,-0.016183527418708498,-0.021402540948879546,-0.020824499016202303,-0.05767662275605532,-0.05533607639686997,-0.03754458074011748,-0.04319994398131584,-0.025421494633654316,-0.0460704804489217,-0.029475447633485016
36,-0.0501222633460109,0.022892715720225946,0.04409928580283061,-0.07558771990263802,-0.0024197792030894944,0.13402430231079646,0.1611561253877381,0.2535499046719642,0.1951561234122105,0.13661726183643375,-0.05730990859021676,0.21387125015760858,0.11277341218485354,0.01573004965637984,0.1173448285551364,0.09600208168297204,0.12355033396569959,-0.04992857295135781,0.10067419690555487,-0.050863242110428496,-0.06240076592188055,-0.04094048949330062,-0.009178353079919327,-0.046939838094376504,-0.05580270868524462,-0.046610084854451395,-0.03398032237460898,-0.04394027303123342,-0.03741051643439387,-0.046363298289972564,-0.029895864681849425,-0.04321520304770294,-0.0862578368290894,-0.05740072276306069,-0.037569251617587944,-0.02822530757727004,-0.02787597546541868,-0.0357386333808292,-0.036872238610923494,-0.03577447996114637,-0.04649854550135228,-0.04995837253574384,-0.023929669143328704,-0.041305988079351874,-0.04644637488190908,-0.04919023057943744,-0.039101801212243034,-0.054173423867453406,-0.04904276337374611,-0.03316218593813381,-0.023826112344106393,-0.02636455578369195,-0.027353210460275522,-0.0490372844864652,-0.03610160159884511,-0.01444199328344318,-0.03479424040309398,-0.030961481954445556,-0.052551625642835574,-0.03698686618043089,-0.02581029894029306,-0.053060523843741415,-0.03909895382746038,-0.02642672494341526,-0.047392415378774304,-0.048874838728343736,-0.026592003938112698,-0.07287689451744227,-0.025849319360293947,-0.060051665543713426,-0.0251259991105947,-0.014348656812837191,-0.03580064333026156,-0.04870393622245819,-0.05027441462175344,0.051140795091236375,0.1312747297866749,-0.024783913643587344,-0.023480238683500392,-0.04852009985381689,-0.025323078733889386,-0.02760080485970474,-0.03871124997510909,-0.05855624415971291,-0.044034460050360345,-0.056807789342885676,-0.02184547075278346
37,-0.0903871428523074,0.03366721065499745,-0.01719001504740654,-0.0019944870963967895,-0.03082661378860711,0.1506997389753348,0.16382672411813332,0.25261216487794036,0.21258641989568702,0.14032698161821142,-0.04249349986212112,0.21825818876520806,0.09779077349588634,0.014280800702830587,0.12018803462527994,0.08826064283100145,0.12355695748135559,-0.03362856889211058,0.1189247802614415,-0.03318668080366998,-0.04030903365863317,-0.04577634648122952,-0.01207520774509854,-0.041786044287514285,-0.029223686912281537,-0.03741183086437556,-0.02044936874969685,-0.03763915475933748,-0.03645980960112771,-0.022829435746651035,-0.029706596080933095,-0.014706567889404883,-0.03617181161201621,-0.033681763594653955,-0.02866671189184089,-0.049824157027653096,-0.049117520057306886,-0.021328207297074422,-0.013809778638949548,-0.04229688580405239,-0.059961408578421194,-0.05768449752290508,-0.03582463500796836,-0.031671322362606495,-0.02982348723886919,-0.035076250302177155,-0.0213901586737302,-0.0348762328670516,-0.032841322969326,-0.0409724980747548,-0.03319877990573052,-0.059852773877229024,-0.04391509237677895,-0.025824723154323954,-0.05371508620596972,-0.02955778867917227,-0.05781246813173946,-0.051160349174846624,-0.0417937278333396,-0.025621868872436573,-0.03127728882677236,-0.03699812943613109,-0.05779877175612441,-0.05105834238043375,-0.05246786653587811,-0.04616896235728912,-0.01339297022013789,-0.04868281572307352,-0.051788301602961155,-0.05439510759898243,-0.022592675260820524,-0.05303980834987485,-0.0645575626442213,-0.027980545943750667,-0.01015204736458024,0.07365537111011802,0.18302569783795516,-0.055612935013832056,-0.03894338788326612,-0.04479549282040765,-0.046190317680341424,-0.017864795938635557,-0.03628252811306352,-0.039458393120627655,-0.047473670679156706,-0.02423432877903998,-0.03266954204540665
38,-0.03558403417890824,0.018470863880585064,0.007763554634401372,-0.02795478952332612,-0.00021071377299439266,0.13808507650718463,0.16767600673513858,0.24942974475053448,0.20765527547656804,0.16178222857695174,-0.04448178792314948,0.20046040900109782,0.08824997273315933,0.0031760228460188935,0.1271407213867678,0.08749975841706097,0.11902560527901562,-0.048703919238430496,0.09183507704736246,-0.04525561399813341,-0.04023476296746878,-0.03860966804711339,-0.04972650789514494,-0.03148628449929046,-0.025735639389068442,-0.05615899963210145,-0.04110201033586391,-0.028847662533649128,-0.030274088135008387,-0.015601258259410245,-0.054992034489495925,-0.024804274190284338,-0.040160255514905936,-0.04415255131348869,-0.04592091670680768,-0.025866416592398838,-0.06474101011103715,-0.042598232702659236,-0.04069101763013265,-0.012331084264926894,-0.04742442826806961,-0.038702406128751254,-0.01723778528039947,-0.04708895114616253,-0.06735965350720759,-0.03015723928424119,-0.0577522451484207,-0.01402941864506933,-0.02772318139100576,-0.049663948428433385,-0.024039048182104727,-0.012060678654596174,-0.035585915185831714,-0.05449587993305906,-0.027998012970944897,-0.04806321792562482,-0.03507385281921295,-0.026026619337130807,-0.03512502890546008,-0.06522877985980849,-0.024259566030236282,-0.04914313743883755,-0.01973535121508908,-0.0436624393810567,-0.04953033074193023,-0.05842921639416669,-0.04531597589743541,-0.03430454827681921,-0.03945550022277082,-0.045980387041677534,-0.05445512083038452,-0.03314610758952199,-0.03344510130687083,-0.013585923255792654,-0.017597277022313618,-0.03395192993095042,0.19141636181937527,-0.017539309963296276,-0.03188029300469553,-0.03892546652722965,-0.024233670674863456,-0.023534792567068637,-0.05092804024658843,-0.04591280751038408,-0.029702189839375427,-0.035878617570242397,-0.021583991485613244
39,-0.07168668982677001,0.013066888001753756,0.034084210283138405,0.01773801565927569,-0.023952082664442313,0.13100768824988548,0.15772626521922728,0.2554565930167131,0.21000845929158587,0.14594260496334938,-0.029451344759747818,0.20741242475423444,0.09484072500483397,0.021110098561175076,0.12927433073838468,0.0955321029404744,0.1469963426139513,-0.046156408014780215,0.09717011997284608,-0.03790960127944488,-0.0384842368305969,-0.023196018967503267,-0.019609890328881552,-0.0293627809896987,-0.03692747640346755,-0.025963797324830114,-0.026285995584129838,-0.03888889485274811,-0.035046508596565135,-0.051648622190874384,-0.049195758863822964,-0.013379570924877975,-0.04432929771193106,-0.04390227087140766,-0.012718637205787092,-0.04215214395496397,-0.048665003385422366,-0.034277060814619904,-0.03053189687288337,-0.034663141997009005,-0.01224039524470081,-0.03535487009800271,-0.029753073179842746,-0.02286012849721044,-0.03428900796078502,-0.028314761098236,-0.014112634977206823,-0.037496294467294695,-0.0305972301354268,-0.010373533307633067,-0.03597882384936467,-0.026174151540736205,-0.011717998364338848,-0.008182679812599007,-0.06408953785524425,-0.03682586013078076,-0.028464897922230163,-0.028399547152407206,-0.03243714154561094,-0.04182039806992101,-0.02168932017195498,-0.04683757112066179,-0.0395449342737085,-0.02881922106040325,-0.03403002643449792,-0.028203888784786156,-0.03547691192203288,-0.04885040529538056,-0.02548419663474246,-0.04969711594958571,-0.02497260815083213,-0.04031870447463787,-0.04897210305972589,-0.05508506129811711,-0.07174234657533905,0.011892121557588581,0.17992549517677725,-0.04140201860540445,-0.03792029634199057,-0.04744793169573518,-0.04357521787699523,-0.033070398038891245,-0.04751381042603072,-0.03210531366798527,-0.023414865553541064,-0.051759522132176765,-0.046219405717256766
40,-0.02217367552912553,0.019160292236524774,0.037465769469138176,-0.005706217775922928,-0.015038533410271813,0.16387793382353497,0.17109480161160018,0.24436108030199155,0.20995656132573157,0.15981467243561198,-0.03792383402463038,0.21380419604934975,0.09938534897365232,0.018409972995705577,0.12416588699600783,0.09301744696773084,0.13065532938946933,-0.04548044925726294,0.09621186900466769,-0.007341398514824216,-0.02118535718471242,-0.029935937585864263,-0.033607531297911754,-0.029030540783694048,-0.0324603430944225,-0.029699458286622783,-0.02804740111959461,-0.02485217765199,-0.04905257280310002,-0.03693393729701507,-0.045103407756111435,-0.030259052768025835,-0.03875988706637,-0.05476174017493638,-0.030671478170915503,-0.042929032976664276,-0.033776790538626526,-0.04757145109198616,-0.03846958358561612,-0.03399473450793267,-0.028688766599299177,-0.04207369944023386,-0.04939068231049931,-0.03893019897111607,-0.033952686494468316,-0.030555751343098327,-0.05273398906931752,-0.017679610245582924,-0.04228074961884091,-0.06933043540786198,-0.05104251960875418,-0.04334703504068139,-0.039669698112562865,-0.04685100263424296,-0.04545387811819437,-0.030733368089278054,-0.008602746570842331,-0.006398860282735284,-0.011883982957342179,-0.03156920783753885,-0.021645043561692223,-0.03686247433179882,-0.03583334068925673,-0.028979690555160496,-0.013391944090847903,-0.021527783338821826,-0.05067244553830624,-0.040044047405477304,-0.016483593164114716,-0.054741121805661055,-0.03995064859801527,-0.032336389987629804,-0.02503799147584019,-0.021092225012178653,-0.047933060532921005,0.03460933019710376,0.18945816676827656,-0.0427818373931036,-0.03488192900263582,-0.043878191838637906,-0.049933263616790194,-0.03256631933596456,-0.029512091785661037,-0.05697582680359461,-0.04829496816580297,-0.03912151059164075,-0.03452465167635066
41,-0.03157236506163136,0.029145695060560854,0.03444604931526655,-0.041894366892163276,-0.0059363268177454725,0.15407630397528047,0.1619911626208907,0.25112471522527496,0.21362381189550034,0.15113500405562041,-0.04978966949132274,0.2099132558442447,0.07748020381433929,-0.0005721453238919076,0.09031788624406024,0.10270538060374247,0.13031122777135512,-0.0443556142362532,0.10898848324248113,-0.05420041017132673,-0.07379821071119079,-0.042349487678417355,-0.029531172955505548,-0.046632001003642995,-0.04916331553241235,-0.03948637413813634,-0.024947270792176124,-0.02428380661878159,-0.028566960416805755,-0.03606095652717059,-0.015927532239073387,-0.035939379044634207,-0.06921461142757236,-0.0299614511838461,-0.018045778057151653,-0.041737631964119365,-0.01665135642062314,-0.030489334209882694,-0.07901005507707472,-0.03407832707499965,-0.04432100647964315,-0.020717986389300606,-0.024707211790249786,-0.01858503127880746,-0.035113446919560996,-0.036448236318004194,-0.03631260773012419,-0.02994988767602702,-0.03816318821029706,-0.04330944874404819,-0.055698897862660815,-0.03690860124508626,-0.025158397909057485,-0.03369967141586881,-0.02339749703681194,-0.04684749466444646,-0.005413574414890578,-0.027349166394920674,-0.029647630308054892,-0.05193632049754472,-0.007774620659055583,-0.03219936521220824,-0.033333772679108,-0.05509814721109307,-0.022997377171025405,-0.009945471080553008,-0.04431306375915666,-0.02388149443354394,-0.04823922286612266,-0.04419702063067895,-0.029153844244890634,-0.03021836993754642,-0.014510413392977102,-0.027680395997761793,-0.04876451565130258,0.06485878728330637,0.16936940935524086,-0.024783913643587167,-0.029260658146540938,-0.023411170277663033,-0.037855019727132046,-0.049736617971142844,-0.026134554592312075,-0.02901074633164122,-0.01550615739449826,-0.01969618717099839,-0.06258646060329508
42,-0.028191440118222527,0.010241621204081562,0.04574882353601618,-0.013022149203587446,-0.023624031530959173,0.14743019120403458,0.15289939374651834,0.25012227520260616,0.21557314809806907,0.1455485148391391,-0.060866626954675936,0.20749710219754652,0.09163476847623389,0.012137444675817483,0.13427741999961104,0.08114447374370258,0.12680185349480774,-0.06801177553479947,0.10796176804113314,-0.05971342512319208,-0.055351438224098694,-0.03885831659872341,-0.03721746263978742,-0.030577438950679187,-0.052295739313127684,-0.024343952039606848,-0.02525679094756067,-0.04334808338604164,-0.02048716721893645,-0.008305601552339472,-0.047593766172088846,-0.024104613343205045,-0.029654029645773582,-0.044803093759659976,-0.05232881233706788,-0.03946837907905825,-0.04438562806353255,-0.03695338275926556,-0.03539927888238444,-0.015080985285126884,-0.0519197714936467,-0.03883690731015293,-0.03251946142421176,-0.04486741663347042,-0.0132680131827942,-0.05109164860528601,-0.036143312390691004,-0.04425183051733089,-0.03855336178529951,-0.04051778194716042,-0.04634988436990712,-0.055866172423184306,-0.039897631021378,-0.02106437337936319,-0.04051097514510861,-0.06933113030611382,-0.02734089864675578,-0.03259754009433319,-0.03961187398480185,-0.0553163156718035,-0.029027690118941796,-0.016762427691006575,-0.05254361981685426,-0.04502848603638835,-0.04435408217227405,-0.0320423410138197,-0.07406740650793837,-0.04485554262380644,-0.0601745047268574,-0.025649215430732064,-0.06584806803395069,-0.03618487332299085,-0.036680673911443466,-0.02425510416867732,-0.030650456462757044,-0.0007563044844492308,0.17911533146133352,-0.032764766084246805,-0.04621620194520994,-0.04481072827365374,-0.047316290566024724,-0.030730027009604456,-0.027729389263972847,-0.030060163473042804,-0.027894180778742436,-0.021735558666843697,-0.04076850169478757
43,-0.08219146558788387,0.015043378137380962,-0.015506570917129961,-0.053498772799890376,-0.026257258578670013,0.13662483288497476,0.14750267307118453,0.2513496018340465,0.2094663691332502,0.15258898117022002,-0.013581631764818839,0.21379226346795577,0.1161831972790033,0.004086284116757919,0.1245626490772031,0.09012849381429257,0.11876277622807635,-0.04450701834078342,0.10392311706284017,-0.0544248921635962,-0.03842439265160626,-0.024210608036457068,-0.06427981079158032,-0.06192781482644298,-0.05986735027488448,-0.03726922475458065,-0.04082722729946879,-0.01813214653723444,-0.0676288310345485,-0.05617135062440467,-0.025812951763813367,-0.05200090084532072,-0.036863604421996245,-0.06059590922779299,-0.04676433475940229,-0.017823304709975243,-0.04896484234271672,-0.022089083864939497,-0.036340445309464085,-0.02825639356033046,-0.037767437983364606,-0.04049106507210581,-0.017323777971858922,-0.037669175568566485,-0.034080879398921675,-0.025680328437360473,-0.04217042035969004,-0.04386747962359963,-0.02128905983923113,-0.043608091486854655,-0.0208875663081648,-0.04158513393579899,-0.023562883951507737,-0.0235681318775785,-0.02416277677351834,-0.02553506491584846,-0.064664060859376,-0.04034664338547973,-0.06201730223512842,-0.03571714329839333,-0.036311507290065353,-0.05270172814023003,-0.05471988609674653,-0.02847847611315668,-0.028738069889630666,-0.016751679280783735,-0.049131231314277025,-0.034765047353461476,-0.07235010314304313,-0.03548374780691979,-0.037909254350025096,-0.05360004105718718,-0.05151014242444364,-0.03526315240632545,-0.024581869249313864,0.0780329376979701,0.13422463937150883,-0.046920176013452754,-0.02607934945838414,-0.04885284818952602,-0.03830620575329529,-0.024341836148895145,-0.04388669451372262,-0.005591453685586669,-0.04815269152278895,-0.03904284432466433,-0.05271127549803257
44,-0.07579678302709375,0.023114219726415024,0.0313645677310541,-0.04182973619385981,-0.010151368136704439,0.15239554068160577,0.15985430626067654,0.2529189375105208,0.20813905803409258,0.15589726500882395,-0.06661910943647135,0.21111140722151978,0.07806763452423439,0.010809069700711231,0.12564324250622472,0.0959775409849995,0.130085474085124,-0.03333940419344043,0.10935700841963325,-0.024714448675210676,-0.03324705749644493,-0.022160859936799115,-0.05430550605628707,-0.05651571141406524,-0.021654208262559788,-0.025150926634342728,-0.02152944949636767,-0.04468886826531945,-0.02949461430472441,-0.04933798018622361,-0.026280562334513344,-0.031725921330542105,-0.022853077537653955,-0.043120785658847395,-0.046803588395717716,-0.047421660306511904,-0.04985123010553183,-0.021032474592213805,-0.02086660287457552,-0.026909005567480555,-0.05616273612913412,-0.030598203891883086,-0.033390620374866765,-0.021177382736376586,-0.034499499152030565,-0.029637894388384583,-0.03252612644322913,-0.024592625010647386,-0.026702261113850614,-0.047006100565807424,-0.047360444227342854,-0.058604482595444644,-0.03942172230238983,-0.03792283885672521,-0.029098673664115567,-0.008792978712286393,-0.027490195052056323,-0.023590611247040455,-0.057600321234740105,-0.030277953141998142,-0.04419922873653134,-0.013244508482593556,-0.033985365266562706,-0.06242835922990528,-0.04380355615950862,-0.03861024689514995,-0.0744678228265152,-0.0690736973822186,-0.07014946476835789,-0.03163185208944423,-0.038042605707482836,-0.020526352762062917,-0.0250379914758403,-0.020301289082903812,-0.039827351600640847,0.019467704472518572,0.1467764055814104,-0.03174059283434533,-0.02944239359773479,-0.045313042747861916,-0.03252521035763037,-0.033691085276053065,-0.046292273866647214,-0.04037738416399552,-0.04403446005036039,-0.025084168662469094,-0.035181652367986364
45,-0.05878072530974432,0.027046509371554457,0.05492661491709092,-0.03807931896283802,0.003483592588859108,0.1491283953581169,0.1591264838045206,0.25529821130711244,0.20751975103074127,0.152257641302577,-0.04421098431093468,0.20982560469228992,0.11008818391256053,-0.005838848076403025,0.10272764730239753,0.08371031209033922,0.12354815460084156,-0.05723889093308316,0.10084507601373277,-0.015751022618670178,-0.03966710445126829,-0.051496644315780236,-0.048779433633314204,-0.026488364425334456,-0.012759220464669698,-0.04652644183091488,-0.035298368229725076,-0.03331578970251771,-0.04960975278461667,-0.051737817441028754,-0.05267537735196253,-0.027217909001348742,-0.032570955629168244,-0.06781120125848268,-0.059601328570449676,-0.023366548036098583,-0.04566953523066122,-0.048852002060833365,-0.047476963920771796,-0.03444137355591632,-0.01766430617661566,-0.02237873193994889,-0.06196865095859845,-0.03080128494153349,-0.037699172061873454,-0.047177146767769525,-0.026181165552872324,-0.025799181815115323,-0.025048802730289404,-0.05826687504789051,-0.05087391093269306,-0.04087748354395231,-0.05170806469075589,-0.050538422854332,-0.025574211916144507,-0.016201876857558303,-0.05601060322705113,-0.05851670161471056,-0.011465603485981008,-0.030431004490378347,-0.03302516723615804,-0.03405540615503314,-0.01755685166952409,-0.020924151067980346,-0.04414625771986573,-0.04484036761954201,-0.06067578621877605,-0.028157194411094436,-0.023944775981956025,-0.04175730860219986,-0.059853046424088056,-0.05503380149277742,-0.047642507275718636,-0.025938506361975183,-0.04370456623931248,0.05591964020221627,0.18415231448347946,-0.035247556412513065,-0.04094801687346905,-0.0223804489913426,-0.03318037614041738,-0.036998809858117564,-0.02192515680947314,-0.018224978608593755,-0.038047653558274705,-0.020580383404196323,-0.03400230483943634
46,-0.03157236506163135,0.015355497811262254,0.0031955561971817046,-0.021227633191948696,-0.01368836501086401,0.15703136042663754,0.16844571120134774,0.2513804482973559,0.21389543043188564,0.1364062433586469,-0.044553724232656265,0.21278092707675533,0.0833135182254892,-0.01773706590571121,0.09826000846056578,0.0765069216122758,0.11594993140551149,-0.0666317291074598,0.10296906100478952,-0.011740598527180849,-0.0400158359186351,-0.04731682963141917,-0.016340833863472817,-0.021230715987921,-0.010017916106352357,-0.04906873352732735,-0.02089336777142065,-0.03400513170130873,-0.086395345200322,-0.06917256234525594,-0.030493230608969274,-0.038166020663695066,-0.021742424392295644,-0.03781422562804824,-0.05087963813127576,-0.04570799241331408,-0.049060992797368544,-0.036313982857396204,-0.05956111671841916,-0.04774593461838752,-0.046861931855564185,-0.026341018978645735,-0.034880787607926844,-0.04271775743232905,-0.04568853067201287,-0.05783105982603188,-0.03578301376210541,-0.038251501769942804,-0.02190181970880332,-0.030265232094835916,-0.031596671377268515,-0.04564677679356543,-0.03589781479912228,-0.036342950666781094,-0.02809678490699644,-0.030129804095987877,-0.038875135030628526,-0.03711885222645976,-0.04156835085723669,-0.03363647953769519,-0.02566309748025716,-0.03402590086880322,-0.05422290144015577,-0.03223334019715269,-0.0406380144504449,-0.028772265183524635,-0.009080185364269432,-0.040174585826378756,-0.04824136311733106,-0.040705889545154895,-0.03539801959609342,-0.03512735275332225,-0.018989290704030045,-0.05203237085170804,-0.03601313134529838,0.02627116986800614,0.15926324440478928,-0.06941811005189882,-0.054922870794224185,-0.028899543853370176,-0.04541302207162697,-0.031993576203397225,-0.04553951751732394,-0.06945191267579959,-0.0635825572030237,-0.031990905135838514,-0.041793715634319197
47,-0.03558403417890824,0.022584495090600235,0.05577595558802855,-0.016942633714669673,-0.009814633278489941,0.14983331121840054,0.15552956747259253,0.2543687183104042,0.21150973128131967,0.15730177397959114,-0.026108236430875165,0.21825330967790324,0.07792530436149034,0.009731623241407666,0.12503935977348976,0.0933918666922251,0.13330313022878373,-0.05684026893750191,0.10791119248826643,-0.03270927707532734,-0.061142205456093474,-0.02696571722423926,-0.041219893540388325,-0.032373805920121096,-0.06023597314670514,-0.04041654451011556,-0.04288098205926143,-0.05259939679510718,-0.041007225289531574,-0.04027554100776014,-0.044150128157959934,-0.06038245703752868,-0.07200756947231947,-0.017219694116004134,-0.02151172181746808,-0.06177919936493125,-0.02941581028766287,-0.03009456951774465,-0.020527020829093898,-0.024338240133969596,-0.03697838176924064,-0.04997118280775119,-0.05499961164373972,-0.04490490347052363,-0.016678875544320553,-0.045072028791945294,-0.042897273203749364,-0.025799181815115247,-0.041195324881089554,-0.03981637728262468,-0.03491607669286061,-0.0480059063458102,-0.05361173030405787,-0.0331316127202112,-0.05864499025265052,-0.03163867436632248,-0.02981015696530751,-0.03000611266236816,-0.029551549886594863,-0.04902266355584197,-0.04577842988593232,-0.028601210715802745,-0.030628303792282523,-0.02375365067924557,-0.03128247838782046,-0.03050625611869536,-0.009961571657344704,-0.044018255659999866,-0.04945724720786076,-0.028130351600379896,-0.030401435991602457,-0.05322336677561016,-0.029088252758645964,-0.028960750544571222,-0.02529573043231596,-0.057240550081950003,0.12664454766736907,-0.025928244234503045,-0.05357394849133022,-0.040247649050034646,-0.05721087797918852,-0.06292122058215777,-0.02779328693943823,-0.021677747453961047,-0.056331559766840816,-0.03877120200156174,-0.041130202386577254
48,-0.048759990325024226,-0.013107095291935347,-0.013302700001273954,-0.00896081370852411,0.000981299232943669,0.12921701199686203,0.15964446610136365,0.2535236482077328,0.21274617856165792,0.14287874913013873,-0.021574871996040815,0.2202930547717156,0.08817787048626492,-0.008983239766628844,0.11966277908814157,0.08132700340575454,0.12743941620516844,-0.04486210818415573,0.09562306254876139,-0.03485908979947213,-0.033637829340933116,-0.020343553184369086,-0.0363516890455838,-0.03344983622364997,-0.029574062044259993,-0.03980639170508386,-0.04664305425806692,-0.0492968379529417,-0.028809810281663788,-0.02760395693351944,-0.027018716991371733,-0.04930638288194156,-0.027721067325979402,-0.025943559504601345,-0.031005358051215213,-0.0239032436984813,-0.02631987588129009,-0.04753003344882023,-0.018813047191521503,-0.060612681690662515,-0.016862846398125495,-0.06058843538832653,-0.025680341378532406,-0.020017660008443662,-0.07297162904871808,-0.03624420543210063,-0.05246755739207127,-0.04395669902983718,-0.016569536786511106,-0.055338295676987496,-0.03429548982632925,-0.03878394882889482,-0.04931508715315532,-0.023882072650638825,-0.0315185790955073,-0.037700633613600786,-0.012333091542352058,-0.02638396614187703,-0.028654444585823436,-0.036072910744460535,-0.018236682872582684,-0.034717625542218494,-0.046713036339603116,-0.03231467675084895,-0.023316505073408923,-0.022799417557421837,-0.035034443353512426,-0.053208563942085986,-0.039595857163931644,-0.06415895760500952,-0.032985795507212354,-0.027369544979789214,-0.01772049952887115,-0.0240209823245582,-0.02522214475529849,0.05172236814654294,0.16544479817548463,-0.039186594771724315,-0.03750189156767185,-0.03369921203278504,-0.0684789893816947,-0.06151647803656005,-0.04070287313803319,-0.04505721202738681,-0.04534409116207171,-0.02928062360665825,-0.04383342639334111
49,-0.04554614415104835,-0.005272318876324689,0.03313446005260095,-0.013047112837041196,-0.031061359479097488,0.15945041246514918,0.1544454768115828,0.25040388229991717,0.20582905804054882,0.14732215744447416,-0.046848632474437935,0.1997768459690747,0.08202994970577109,0.007886123009833247,0.12642511791581665,0.08284462210574617,0.12939222950394938,-0.07331626215997997,0.10581479816642947,-0.02081988236353484,-0.06186095843423554,-0.03306293051476774,-0.041224334993564295,-0.05670215264315088,-0.027699840767585495,-0.04806500671997995,-0.024058654751550213,-0.05565030421864769,-0.030440007534536545,-0.033104051793732436,-0.03644678751306514,-0.03513788336681258,-0.018286911129976158,-0.026745279312559832,-0.04475000621277557,-0.029324236653652684,-0.03973955114763625,-0.04181653750903578,-0.023402687043927433,-0.04116637432759996,-0.050512485979513105,-0.01646390131665137,-0.03233261923066779,-0.04008332902868212,-0.04555350927487101,-0.02729169892282588,-0.03588028024028887,-0.02488989259074983,-0.04132824178040015,-0.02189694805823058,-0.026409678619350414,-0.048456617209014,-0.04709275030805564,-0.028098212533242982,-0.04086609321161233,-0.032478357097058,-0.021891789834006848,-0.02046400039880504,-0.031274890450347134,-0.04131044905995367,-0.030799065767959457,-0.02292902262677074,-0.032863309256931414,-0.03745934105973084,-0.04846076022472532,-0.049775161902758235,-0.04968083106610341,-0.03294601319999967,-0.06963148324128442,-0.04288493763354747,-0.03651704019093167,-0.033400410038494095,-0.03642983546759128,-0.03155005131291255,-0.03965883813665715,0.014922834015454814,0.1676648180388279,-0.04680275423335845,-0.05242555530920039,-0.01678827499909122,-0.031636695275390946,-0.04176174543901228,-0.06272798359910535,-0.04496171290425432,-0.01525036307267256,-0.040558901228580926,-0.04211292668077448
