,depressed_hopeless_fortnight,depressed_longest_period_weeks,depressed_whole_week,depressed_whole_week_periods,family_relationship_satisfaction,fed-up_often,feeling_lonley_often,fidgety_or_restless_fortnight,financial_situation_satisfaction,friendships_satisfaction,happiness_level,health_satisfaction,high_irritable_longest_period_duration,high_irritable_state,high_irritable_state_caused_problems,hyper_least_two_days,irritable_person,irritablilty_leading_to_argumens,little_interest_or_pleasure_fortnight,miserable_no_reason,mood_swings,nerves_anxiety_tension_depression_doctor,nerves_anxiety_tension_depression_psychiatrist,nervous_person,risks_taker,suffer_nerves,tense_or_highly_strung,tired_or_little_energy_fortnight,troubled_by_guilt,unenjoyment_uninterested_period_duration_weeks,unenjoyment_uninterested_periods_number,unenjoyment_uninterested_whole_week,work_satisfaction,worrier,worry_long_after_embarrassment,rds_score
0,0.08840562962859659,-0.0062426431165267795,-0.04517134492894266,0.016530746192394166,-0.039845749324040856,0.03285461443673336,-0.0025449292180186357,0.1615366538999639,0.07355395641064562,0.021557503628900365,-0.0027768245496712723,0.1993442448540274,0.01274488729316595,0.015046120575999031,-0.17637025461360203,0.003076396183691028,0.020952887667599174,0.043144422332732045,0.10703166687258887,0.06981024900996498,0.05975033665218124,-0.024197855220603602,-0.037675595079563,0.02176353239040691,0.00461511250466738,0.01909559393266618,0.05829638518546583,0.14851871292611618,0.03823709635303106,-0.022798798585561025,-0.04561589932619379,-0.036809127020118744,0.20838592881550982,0.007321563072874215,0.035275824980557084,0.19344189283841376
1,0.08191807374698376,0.014978640865942784,-0.038073768668828625,0.010432060334845693,-0.015618778030270864,-0.027571514802074714,0.002134072785740204,0.14579402498856475,0.08520709650051993,0.029203783290414464,-0.0013480948287597186,0.19993740639845167,0.030971147383808482,0.04173408231579521,-0.04284057674668756,-0.027827757781258195,0.051141506880948755,0.05975897947101437,0.12594207512630307,0.054221701464034426,0.04449790757831701,-0.011751940320638648,-0.011244425627703013,0.011863624504781027,-0.015862996044454965,0.01887134141510959,0.0542434197606317,0.1506683249998576,0.010364509658473537,-0.0016768684731052576,-0.05459716493720436,-0.055965640919335764,0.1968965313792741,0.007350061314754962,0.009047865611246778,0.19868369849977915
2,0.09572943103294805,-0.013381076084371035,-0.028134531506343298,0.026079090497557456,-0.007711675085553966,0.017971106556106755,-0.03383138934799368,0.1453329941448844,0.10141161098364566,0.010309336237240533,0.025746839133565232,0.19666459965107494,0.003419841477556311,0.07920545515811564,-0.11547302749398668,0.015080059973088195,0.034752635364119065,0.037054022302764146,0.11919064046328177,0.0516153208293482,0.027409103099538222,-0.0195817757663831,-0.005342721927968496,0.025663293476634683,-0.020510965409409013,0.010567858565864546,0.05658644473411241,0.1646466810773064,-0.0028241452193671075,0.05023480243801159,-0.027707238362658988,-0.03625895249951208,0.20275932868340274,0.026357263763566906,0.03871265352986692,0.20286046905945332
3,0.09949830022594766,-0.016973324739248286,-0.045666611911633605,-0.0025101868282227796,-0.019607213382548814,0.02399257285760159,-0.008761893376212896,0.13495685043794906,0.08917633828853955,0.01232880218665309,0.032328146841646095,0.21048713492183593,-0.009788486880019364,0.014833003265762146,-0.06901481085380026,0.006137218460041826,0.048723574726866906,0.04421343271305275,0.10824474046389712,0.059670340155678965,0.049944443032879225,0.020115430771820843,-0.005390745282930038,0.032272176326488065,-0.017610189891917278,0.0074362202030756035,0.058025314226530095,0.16340630370472065,0.027050938330024192,0.03661097057859906,-0.03473761989708049,-0.04365065162962965,0.20424906101401352,0.029352613398136395,0.010902152293797778,0.20503183346812473
4,0.11333222169820777,-0.03257493661648591,-0.06968941219915309,0.03935384041336723,-0.011549163657558656,0.011371213499264045,0.01724980950489994,0.15869762177792635,0.10034095084730627,-0.001150080102111499,0.012630517604257166,0.1988481800782395,0.01602362501014407,0.068098244667048,-0.13872578751785963,-0.018616236929415074,0.03286616737528317,0.05155566854403346,0.10277451747945135,0.0587390389406142,0.05166578043570936,0.004228660612575587,-0.020224563217834307,0.03609388703240878,-0.0343115112143623,0.025311971326148163,0.03660349117014801,0.14452993992603982,-0.005049219060005904,-0.0012233653995699395,-0.03881199405148166,-0.03933948851930476,0.2129418264127233,0.011193024810381732,0.03221079116377259,0.19528188183293976
5,0.10073014606621973,-0.007223595085186487,-0.040328307170553204,0.05252173815154397,-0.034401512131120617,0.01022672441919774,-0.004570534237859105,0.14529396102573977,0.0920739411502211,0.035540904293007845,0.0076038346030669005,0.19547133778065376,0.021598188793134573,0.006201278321828573,-0.23484531884055096,-0.004181334659404939,0.04235582104370959,0.05052503283274847,0.11527633418838461,0.07573636717548539,0.041065206837319804,-0.0016440805859045521,-0.006764271921887436,0.014540783622547595,-0.01133509895482067,0.03762459715032424,0.048046944491745416,0.13443581012527947,-0.0050796880352832335,0.02712942353815814,-0.07013138435389536,-0.018301360510085202,0.18194744562155027,-0.01385273671578284,0.027189584504881296,0.20695079518843082
6,0.0937840213026153,-0.006373163269725092,-0.04519650632605076,0.05022988306590576,-0.030455001793649635,-0.0045303389893154656,-0.008406782553724993,0.132493364817794,0.09582187381653118,0.0233877609364086,0.008940077723425165,0.19912758927191831,0.02757216568819761,-0.000370740262044757,-0.19507828225747748,0.011190704892118186,0.031110513249693716,0.05894324682466407,0.11354853052880498,0.058424194383747,0.04827361623368973,-0.015473277973575837,-0.010659338597368543,0.01208545994153825,-0.013879456352058261,0.005040640555057235,0.03738380243953688,0.15639603505328975,0.02134902418137157,0.039009257104815245,-0.014995030433703089,-0.022355106557924893,0.2037963309588739,-0.017919351290431783,0.035147893436450646,0.1983117512366826
7,0.09396951772375804,-0.0018547890492343602,-0.017193234136477036,0.019826193139593808,-0.005137437493464362,-0.009322986129408468,0.019268544308187845,0.15406520971473428,0.09145248231696979,0.011646778945916899,0.02741033628689891,0.2102992326474661,-0.024538543291780717,0.04879096733529262,-0.2512972490352774,-0.01660132263564382,0.02622649501334106,0.05618937630302523,0.12399270460573837,0.02125929113335158,0.06661166673197763,-0.012339487523012475,-0.005339151027694849,0.0280671365994214,-0.012314836810850851,0.0457704208509469,0.0642867249758269,0.16754761325961973,0.002543829265085942,0.05600999638807796,-0.007962754975140785,-0.04744785296756326,0.19080029864280715,0.004256311226135107,0.019066467351242133,0.2063106333620438
8,0.08545150868358166,0.007633763187194017,-0.06512012301401685,0.04430228874477911,-0.012153572016249852,0.005775609280336842,-0.01768947009385887,0.1509982944222568,0.07809743579505998,0.02737678182660461,0.013231944878746934,0.20640145583538083,0.054048742210538306,0.04577124446301738,-0.08769728137180828,0.018012995355955817,0.032665640096011986,0.08641899150984593,0.11409745504392832,0.06908985256179839,0.03777590015108177,-0.02394106960707534,-0.0015132293921983084,-0.00394835555324724,0.013941777332173432,0.0342954788534267,0.052088149718012726,0.16104648764128818,0.030618944134870388,0.06607659048620317,-0.043234067632430595,-0.013380389715816947,0.18968006716986488,0.002924578102697321,0.000815694937914646,0.19073206534381698
9,0.106984254898938,-0.020272796667559826,-0.04639962967896832,0.015183831863553647,-0.033864292536968384,-0.011992320831547451,0.005631568002702649,0.1465901234336989,0.10245930689733752,0.0025125168900130626,0.0023757171676255786,0.1890574599153825,-0.03615442806626139,0.06619883913678182,-0.08679717152563632,0.0023167658808804946,0.03851326805122119,0.04124703087523295,0.11451468233093115,0.03549661070216523,0.04875032260969018,-0.030426537243023268,0.008415079129438095,0.04976692017111878,0.0013461027546315728,0.04020889860098024,0.029995628814570068,0.15651350659675764,0.0018603730953804809,0.07368792288524638,-0.04955781284754791,-0.04123240665006467,0.20704924009963332,-6.608861260496847e-06,0.03209469491736831,0.2030178958201456
10,0.10651805373289451,-0.03188754207151015,-0.0386254567710094,0.04922895265442623,-0.04439461517452875,0.0023038000594661303,0.016197348067821124,0.16827127883600101,0.09451543391564132,0.004171985402879021,0.0019011988211426625,0.19999866592953425,0.0007044369496451617,0.02169299713901256,-0.12773827238940677,-0.025447496480376024,0.02598243441084815,0.06435775371863355,0.12595149376194717,0.0469554024260462,0.03216300336496719,-0.0019522315325392135,0.007379405795032585,0.033225228778678555,-0.02304078403141241,0.04460847753219551,0.046634959171674255,0.16011168890538624,0.016840589875117943,-0.04537891347495638,-0.007795365498101602,-0.016963171028054502,0.1910318639170177,0.007167613745374088,0.02714368488623917,0.21129177479130595
11,0.08844417636214111,-0.02195073140481807,-0.08680867277991246,0.03290030134154361,-0.023519288724988326,0.012287619453327273,0.0027591623727340055,0.152382680015258,0.10275339489565231,0.02168139211889983,0.002415175203541193,0.20647811722573323,0.003824424256494033,0.06766530283133983,-0.15029187450166873,-0.012036072664605584,0.059331368148244516,0.05064836092496731,0.09974551523473675,0.05849971801627061,0.06665655844378605,-0.01649475576788514,-0.011126212994990328,0.030901773233882667,0.015305762347564717,0.021094552980919973,0.05244220854739395,0.1457785658480946,0.01986867882490444,0.04106309669835827,-0.042743433741324326,-0.0064382667632519874,0.20648616417297425,0.023165089719935198,0.033547123836987026,0.17876748676189913
12,0.11828214045384633,-0.040166817974800664,-0.029609216073537052,-0.002327226568979778,-0.030802575942986618,0.00963395465184921,0.004908944344338791,0.14586621434024147,0.09218143947873941,0.025533818305692423,0.004833318877430688,0.19512259463425133,0.022014667543585675,0.04767232431393119,-0.1042946151564095,-0.0018097695801751969,0.051799732690199496,0.054561069609917925,0.12143027624400884,0.07868860544617921,0.05989676253495177,-0.06157240675147463,-0.008472489265404289,0.036233948426596385,0.00354440715631744,0.004554857316823271,0.03268752376657007,0.1541093459853151,0.01590203598750845,-0.013862202292826255,-0.011606709366015516,-0.0442571350305674,0.20090093081182278,-0.011016625367970826,0.02652977036851289,0.20923147185109156
13,0.09493294695144956,0.01736127893958467,-0.024087962528389087,0.05063988063355384,-0.021364242113540124,0.0003360048720530554,0.015423947791097908,0.1490329019980814,0.08184649874057823,0.019542542965477024,0.023037309351451665,0.19963585505951598,0.02366222339257833,0.07974879499298719,-0.20642338237988359,-0.010722493200419392,0.04268430114173255,0.058028841660267276,0.12140035446429279,0.04850478453378834,0.0555995913785272,0.0030893470660810106,-0.0066927323351277344,0.025308054011630034,-0.0028376223029111703,0.004399229517450168,0.05574345169967448,0.1489840747841455,0.014514436589087083,0.04517184873753554,-0.02202461838392127,-0.04367004066558425,0.18898822977778834,0.017710912563884337,0.038539279406488464,0.19383506410778448
14,0.08411232658205803,-0.031188255332097046,-0.05056830433189037,0.029909966582593324,0.011375928156728856,0.01659999811791289,-0.006145005480006355,0.15291843470700012,0.08041986499926379,0.027120421931546117,0.011282258922737069,0.19694144900632798,0.027886338932250943,0.052938166642487725,-0.1163888623949717,0.011026023245560875,0.038825126094050935,0.052659395250111596,0.11383844416394773,0.05576417982368416,0.04955037214406183,-0.02366219894720197,-0.004255650647935724,0.026871971780130358,-0.0030390689889691763,0.0380101712067411,0.06482739883333664,0.15209670612971202,-0.014735361153863277,0.02133197788122182,-0.013383234255271407,-0.01780907582154406,0.19549238055469156,0.018459564064919092,0.01189499253355613,0.20543217645637948
15,0.07681959718497738,-0.022007300498290878,-0.03475092677076899,0.050945721798482155,-0.010234715058882968,0.009614068852541686,0.03417182414522014,0.14504663228239886,0.07282816614264637,0.039460720791462095,0.02962190656438755,0.2080424691957418,-0.008634811152489675,-0.020327552278772035,-0.06901481085380025,-0.004541494800203744,0.028136290307923466,0.03927738065023573,0.12013963839591779,0.061263258689289564,0.047951261582686464,-0.010695530688832382,-0.018139691742215493,0.01628844333535177,-0.01142288140735543,0.006856865273873568,0.0315786276124013,0.1538472404235675,-0.0057841733682306405,0.02467584842547886,-0.05384933158134807,-0.024592305927205266,0.19095881181631497,0.00801300036167968,0.004582838185107423,0.19683569624715153
16,0.09181871457787377,-0.007398406150035509,-0.03033503376554754,0.019479007076019503,-0.02623255168078835,0.0029967238140101433,-0.0020834080300738147,0.1469124503484452,0.0935528279413121,0.031367983542800536,0.009752289272929232,0.21076955303418585,-0.016819647915567712,0.029346655656928743,-0.2271728791668518,-0.006623220669473795,0.04859759154525951,0.06021455116010272,0.10905730944005983,0.05494130064705114,0.04682453779592529,-0.004573742835610611,-0.019885965732872893,0.028688172888149354,-0.016203393968926925,0.011526006372376557,0.0703574556967896,0.15302900526144728,0.008714508149058716,-0.02695725641185093,-0.002938724661147993,-0.01952159343377301,0.18750446965670436,0.018765424499945817,0.035634332453517006,0.18986129685158773
17,0.10291904627076778,-0.037741705970662495,-0.023368683611058573,0.04762758106226592,-0.006435175232482656,-0.004014930098228837,-0.010438566689600751,0.14640748858433697,0.08272358720442882,0.011155800011772056,0.002011074911871704,0.2010491815917657,0.04361790080171598,-0.013981275699886202,-0.20694002382707577,0.009216800195941266,0.014986285285927152,0.04498000899360017,0.1093156743419164,0.06663871721130246,0.03579547061593796,-0.014109943047815812,0.012488233646594281,0.03416118073066731,-0.011322651431408167,0.013682344739318387,0.04270220699077994,0.14339698740531084,-0.002484187994896053,0.036186003385023834,-0.024116395098947908,-0.031755374637018045,0.19495222375244942,-0.007059396739169164,0.047631267767500325,0.20056066938763037
18,0.08563800675854746,-0.0037906128966776883,-0.02900855519555265,-0.017258515899782806,-0.016336628022797724,0.027779775453637256,0.002100216807281195,0.1385459840309794,0.10920126271844435,0.00814581543253534,-0.006653224325857786,0.18315437312877092,0.07374336621201492,-0.006086530111936321,-0.17638891473332768,-0.00638287815233246,0.05176862259419666,0.06020753918623851,0.11668347047856267,0.04804459479689965,0.0665279170549119,-0.03236246483672417,-0.02359170287582787,0.03588615978659253,0.003612158144686232,0.02200297487094944,0.019984565118525564,0.15274112016162164,0.02263554534779418,0.0227061478762393,-0.012037219487438248,-0.008284389667089458,0.19843877908340865,0.012787996889039217,0.010538690295543583,0.19222580797027142
19,0.09494607780202821,-0.03396536613737293,-0.023891169799021093,0.043285205559568475,-0.01990165930704952,-0.008491127904123234,-0.006022848137940203,0.15702977818307867,0.09400206835636593,0.011509119775581878,0.03165548059589633,0.19877266623654086,0.05370978519804951,0.01700310750446026,-0.04096784657705632,-0.01424070298808425,0.028786761264441605,0.05306145111706619,0.11525453150141138,0.050080329057223684,0.04400701351187536,-0.015448784486005219,-0.009326636233464544,0.01780944863270854,-0.012001313941354801,0.022672576000979355,0.045661114058757196,0.1524631262869392,0.0058712406599796905,0.06344459257133239,-0.07932703985033633,-0.0029558306203255956,0.20376290009541864,0.012282543731127651,0.015492098714815486,0.19633751349898781
20,0.11744382493347112,0.013342750561844965,-0.04001777293013387,0.019902510872637152,-0.0181350939025934,0.009859754773393176,0.004329457377947201,0.15899838400330826,0.09883274300493496,-0.0019185853735348304,0.009290926878126,0.19616133661773333,-0.02960658685155653,0.04620254252957204,-0.08769728137180828,0.0008522442349569289,0.0026685898432227606,0.04626228261713654,0.11289543287201975,0.06105852961778409,0.051900703213377065,-0.004214232070454774,-0.005023740390360667,3.705536464781381e-05,-0.018931391775642466,0.03099220052554967,0.03424783512714085,0.14056746777655948,0.007954798357307205,0.04805277804377085,-0.07517160214612262,-0.05264293850656963,0.1879012984394345,0.003243552009102265,0.029842713139460207,0.18849042810625657
21,0.09365411452623892,-0.009998698139936413,-0.044068679550499354,0.031848378019421975,-0.005037677808249696,0.01689527821461597,-0.004083434665536186,0.14332398962043025,0.08177820364565307,0.018087171593225617,-0.005076013261878668,0.19966892489394478,-0.013399732877878635,0.023649564438673294,-0.06901481085380023,-0.026473778600578625,0.04039161794846364,0.03584271642482461,0.12532144701452713,0.05720308613507515,0.036237208306074,3.068626713917396e-05,-0.013325052036154755,0.04454054893224164,0.0028205085578438364,0.0029307942179139664,0.04037431460186806,0.15244448466421742,-0.004340080196748535,0.03399513963492825,-0.05749905415198352,-0.029170512043295457,0.20428738595808574,-0.0023981045193405912,0.03078374895985572,0.1928766175676955
22,0.09778669224342802,-0.01677453311527893,-0.06124820857967178,0.024542953933476098,-0.01017231012617075,-0.006373462657513381,0.003118830039077883,0.15304642509488964,0.08368312352208145,0.010772950134165451,-0.008103940437884502,0.21312596333595943,0.011959885617471277,0.04677863103098687,-0.18742750969146027,-0.01754929369770027,0.02555956537527014,0.04693312972640407,0.13065544629871342,0.06453575155042524,0.04524266140818357,-0.023963159836842905,0.0019216132524640678,0.023663748434025213,-0.013233195990078937,0.01728048294537249,0.049542784310810994,0.16017485769349799,0.031177582350966977,0.0540152621737369,-0.041428755106972935,-0.0129140056404583,0.2043546812763564,-0.010665100563808797,0.01811448296775758,0.20359919534024296
23,0.10416509170717064,0.010238591463552965,-0.03343250016470332,0.009623184737913699,-0.03153649526529798,-0.00948463377376064,0.012506145851970208,0.15379650515536272,0.09937681603525364,0.01777380012542393,0.00735912825944905,0.20605796061005038,0.022721936017810508,0.06105226958001044,-0.16739295691034944,-0.0125346378659051,0.03466795331147772,0.08125014098953093,0.13755591051061009,0.04932190231227252,0.061237240017236606,-0.024890501551627284,-0.015174503846454966,0.01400643928335603,0.018759217335300865,0.03204424449449452,0.04391201032552723,0.13543000455887386,0.007941773722683593,0.054408932950821526,-0.031121588939434754,-0.05237625347230448,0.2012547732559997,-0.002977098687911671,0.03194705130466166,0.18113052046464342
24,0.0915205291064155,-0.012919070064785732,-0.031160365573488304,0.018774321834638796,-0.04660193521167036,-0.0035364760950310392,0.007739777189784068,0.13955330910004743,0.0987580070001701,0.05232406989114492,-0.003241224876170215,0.20368353507533618,0.045738162082473624,0.06335939707831367,-0.11571209910801374,-0.02752743245235284,0.03641248696230738,0.049078582542707534,0.11044437749711154,0.05407060446772039,0.029382212276099523,-0.0038414700005667993,0.00981351072145221,0.057043446169274106,-0.010802311297821303,0.00926166925606623,0.03942645927996078,0.15717396553821356,0.03315907551176056,0.02157407129376497,-0.08050239456260658,-0.05018045033471996,0.19936763063224527,0.020397171719099702,0.014632098546748398,0.18784275111848275
25,0.11782698866265873,-0.023612659205228738,-0.04361497350541598,0.05098583067901176,-0.030801905564749245,0.006696004535103753,0.0002231142087908907,0.1485850244498155,0.09195635141724828,0.0179846204864534,-0.007224325473968047,0.20531196901188778,0.02858207065118265,0.0591619281406837,-0.11749382948859889,-0.016757740998624062,0.03892657504531513,0.05389264764166593,0.12823786709578716,0.06024972392535049,0.05517155405588074,-0.0011820796655367333,0.007639510677955974,0.030315912105812925,-0.0058788622530741115,0.01361891268771515,0.05720794740290609,0.16146081296744336,0.011590759685763436,0.04783770184561544,-0.011406158260131291,-0.024726701280786426,0.20613458775700003,0.003594975538634494,0.018441485922383073,0.20146097011067657
26,0.08164279229770803,-0.023405315289225664,-0.04322026183057512,0.03669106537284198,-0.0009420588095604834,-0.0015043248753728393,-0.001750469670874488,0.14852669646473976,0.08236484014309321,0.00576682674435779,-0.006212978868196023,0.20928987933717907,0.0041451916605244835,0.022711875058619716,-0.11749382948859893,0.013988631551557358,0.04160215230922355,0.04694991809741705,0.12889460397226582,0.03803397532102582,0.06399316478773431,-0.04082449189665888,-0.016580279117824722,0.004432971787179132,-0.004846553256960686,0.019366149483276092,0.04783689787194689,0.15750395271362416,0.003498322954680554,0.027748250899968376,-0.02429028778658093,-0.03293295180965679,0.20210555469367547,-0.006804166124688982,0.048376909620453115,0.21341644598910464
27,0.07464289450322549,0.020026363630870878,-0.031636537190772404,0.0019418201424548948,0.001719420143882045,-0.00462008455147251,-0.016952407331095085,0.15935532274784223,0.09515314860016569,0.0025268756048680502,0.025532453496561087,0.2051723299327765,-0.016420491297988254,-0.00742091353703805,-0.17637025461360203,0.010730191752771867,0.045269016297237695,0.052501709465339566,0.11653138008561041,0.0652678272067982,0.05691753307811534,-0.040812490976664256,-0.04031682780285077,-0.0052280586631768,-0.036137839133711075,0.03447964140840532,0.05521598654986249,0.1480899887617299,0.01825586733328221,0.0653375786054251,-0.03187848800288642,-0.036952520334874873,0.1901110199482196,0.027882058838589265,0.03983882833089611,0.19424041792839056
28,0.12063005499611204,0.0006048021239991338,-0.025160525928905848,0.048412779021759084,-0.0056614405790127815,0.012593147709806334,0.012639710805925972,0.152017497301535,0.07120376976674478,0.03840011548734639,-0.005130370148096881,0.20443331936146938,-0.002038804556163589,0.07912177677986912,-0.1402140567614249,0.0010662594844526429,0.018694307407468257,0.061588386512473836,0.11201010467248543,0.05831983272747322,0.058769925171673516,-0.017937046398828704,-0.02393277865238629,0.006392236393708541,-0.022162017026183308,0.02795467542122192,0.0372285521672025,0.14141243477266166,0.021135430416341326,0.033169430383414404,-0.043936957654224514,-0.027286714549724943,0.20717081502785592,-0.009113685899163266,0.02470994893223617,0.1834081867937931
29,0.09267570516442411,-0.027343975349744455,-0.032507350956203794,0.001500505179354244,-0.0370677918436656,-0.009464994306096654,0.00999013165150721,0.14602735706916856,0.07045277928247301,0.03360330381193883,-0.019352665275685816,0.1933089351340148,0.024250605474772882,0.046953496856598116,-0.11571209910801376,-0.008390998836168468,0.05884748292694928,0.03595812740390927,0.11103013336077046,0.047053673343107755,0.04989638757062978,-0.018410944148917474,-0.006298962309212869,0.030171169519216386,0.018498467451391585,0.042175648172834104,0.06638830106220063,0.1466256064608787,0.0044919401934720455,0.07918247971463559,0.0020145159318216625,-0.029588253149809625,0.21056451938241544,0.010767567312247555,0.03903461042614142,0.19238649408780953
30,0.08948447227157295,-0.013584213889335906,-0.03361359460872494,0.011526464346997386,-0.00665462643220013,0.004067754831396822,0.007820486768744387,0.1416127587421334,0.08507749036069984,0.037512682734342266,0.023366907595597824,0.19925051808027638,-0.002400044434445359,0.054812842043439135,-0.19294105649369708,-0.002411639194402051,0.012178357713353167,0.03627529581997511,0.12749682846579702,0.059162094704309304,0.0683362648735444,-0.0156717030234304,0.0026745942460120386,0.023959360238216012,-0.013514584714166868,0.013779187057568512,0.03884330669755728,0.14630065427496516,0.01394506510076542,0.046614067472839436,-0.04108456287500871,-0.040035764960050346,0.2100084230076147,0.010535830665687435,0.040475579490421604,0.18674681712268412
31,0.10356202483197298,-0.02699415885220425,-0.04555509870021981,0.04505326428700447,-0.02282825297700682,0.007362072653950368,-0.008142178977473121,0.15589623262548788,0.08121320425376644,0.024719412774042836,0.02500887665848396,0.18470849294202618,0.028089611957706224,0.02924077275235501,-0.11547302749398665,0.006496373612497981,0.04796398027526039,0.02630068384001918,0.1071552885823936,0.044633538620362005,0.048043915417920406,-0.0344580907836204,-0.01583769467085803,0.029842134502297283,-0.01085062350964823,0.01201230290829739,0.050367291502191686,0.16435246625135494,0.011156840306007634,0.03192857562021472,-0.012229552413078576,0.0020293245038788274,0.20633048616759295,0.003927118323983592,0.04186414979684469,0.20982501660678265
32,0.10749427785626588,-0.04029997203313025,-0.015090865634879358,0.025343700897101508,-0.044281835485059755,-0.014759116722323771,0.0010183912025593528,0.15157177932741717,0.09546452271630755,0.03269743361949593,0.006282130061082879,0.19672305931420983,0.025078075223683313,0.02488757143021675,-0.14150493434067904,-0.0014230181823516037,0.03507672821357889,0.04604627572056836,0.11454761604445686,0.06148062736053563,0.06822899048410848,-0.02890852602645952,-0.026785454530181614,0.04242620612379734,-0.033619356007355286,0.03790984104706945,0.055847462726447736,0.1579129055049908,-0.0006473718105703195,0.07030186515052166,-0.03491694982162944,-0.04232678912000356,0.20425443430144952,-0.014977146709026041,0.03377420697062919,0.1928551154383915
33,0.09442348601520494,-0.012740048205161116,-0.017348829420312514,0.02323708972863505,-0.007037200237520767,-0.016669168296302772,0.0008400987736459163,0.14764572017357325,0.09218416244033806,0.008117682776777156,0.007111954880292785,0.1904065250181119,-0.031360140234003,0.021690467237436815,-0.08769728137180828,-0.008997898712958549,0.04244858521421863,0.050671187580714316,0.09999754256430289,0.07009996569752971,0.035671609077573836,-0.025240067668310474,-0.022280183596219885,0.027792373921246036,-0.015456614577480432,0.020361406313535876,0.049330414311516926,0.164286343622757,0.010841051762142543,0.03192980710022407,-0.02415877638295782,-0.007904850055968837,0.18595167094685597,0.016891660064916034,0.03281802831516792,0.20294697024139
34,0.10317916094609866,-0.02693541170620952,-0.05622277463455095,0.009174072636008116,-0.011600168658186706,-0.023762124806294666,0.005518089330798794,0.15673872076810572,0.10476045324557542,0.014611321676244397,0.01050058836668563,0.2066298797131325,-0.005774237238136473,0.002079701545367546,-0.15029187450166878,-0.0030221713949589502,0.007926138510399125,0.06080099505712084,0.11713916322380569,0.03946214086950348,0.03713629214167968,-0.010911585165529846,-0.03175634123891196,0.015236728009537214,-0.04383560835100305,0.03950950682472349,0.04240879574403627,0.15800830316806558,0.01838134374301372,0.03723006489842319,-0.05137872036883642,-0.011203162769178982,0.19636856957680868,-0.008485807328094362,0.03018337932911581,0.2090825046309942
35,0.09817333685319578,-0.0014121695710798635,-0.029151549234175088,0.030358890070343723,-0.01726130579216198,0.02187648368790788,-0.029399908196327273,0.14385927685034583,0.08084823587513079,0.020632694583365457,0.01618088430512493,0.19613977506036467,-0.019010652991405867,0.03597109965067686,-0.23319135541020244,-0.0027816947238746203,0.024847175751602682,0.04952289489303345,0.11576152174409692,0.05960409503059976,0.0411203653342574,-0.02514377395717451,-0.011805755605030171,0.028536408808862154,-0.0077543912248683525,0.014248283012913775,0.03810135920648493,0.14418933927670913,-0.004232235386325916,0.01681280036868594,-0.0494226214362913,-0.014806894541114134,0.19575138048330484,-0.012628835989187577,0.026144870920983346,0.21062005135012948
36,0.08250853957348969,-0.009857319659740217,-0.026767162768371596,0.01411965685404931,-0.01564459415060583,0.011408869643583808,0.0028039776780317592,0.16742543141601682,0.06786891504503695,-0.004040119865175442,0.006885324730428377,0.1917687177669793,0.0014280132226525283,0.024662957410894835,-0.1673929569103495,0.013450452720219264,0.02971200409206607,0.034086511505424084,0.11865898706603657,0.040834933987833784,0.05794602428237556,-0.02765415430087391,-0.013159081024509458,0.037073397171962875,-0.02776374993432885,0.020322020533522646,0.04547147155852218,0.1585086466686291,0.0024195065237336924,0.07024257090245063,0.003809085797644266,-0.014285572378997611,0.19347383008326172,0.0077225402495876,0.022042447012730663,0.19351817632952167
37,0.08714195946933716,-0.03968182734046534,-0.03530715743966554,0.01558256916474336,0.012244947996458571,-0.017919020077653537,0.019179979026951587,0.1451929045485129,0.0825688525253156,0.028836678907902785,0.02125538995694447,0.20771839796549296,-0.011831835003964607,0.0848462981779356,-0.2220294391692005,0.004996682400713618,0.014680615544790485,0.042991167839024694,0.11148134676413185,0.06645223942768436,0.04532072528132669,-0.011715457680542475,0.005459084923195136,0.03339532331882587,-0.018662678735803306,-0.007669466318460134,0.07072704745150414,0.14902983864528924,0.005168656245899008,0.047804684289716744,-0.010153509167557742,-0.041864811038537876,0.1983616214764228,-0.007660717129445564,0.025865374820712366,0.1943121082437802
38,0.06413371815602484,-0.031559141022707224,-0.03581347807851223,0.05004986367055378,0.0016714926793158467,0.008112742795152334,0.02772872967373481,0.16231231059679596,0.08591850333688583,0.027669325157263322,-0.002725978886960601,0.19175743586833122,0.006734659665582415,0.024198506941055725,-0.18742750969146027,-0.01550005606995621,0.041284536404626274,0.05473689310843509,0.11216396683942464,0.059606945238553026,0.0318899785579681,0.0014012602578929304,0.004046139344967676,0.01704601262707587,0.007210760591042848,0.023345033057672902,0.055903508996685655,0.14139714103808626,0.017980373491054892,0.017410850421176342,-0.015659806541328928,-0.04240480717939628,0.2122185028777018,0.0110302788617144,0.03166563108821314,0.19290072613741527
39,0.10511770312105068,-0.006592334738990591,-0.06014382791971693,0.023663417095462533,-0.017592620597380555,0.020677317045935426,0.02240241631640743,0.14943252220372646,0.09692866734541,0.025074722394802407,0.012833926403887159,0.20910248038558404,0.0553878347326652,0.03301899702133675,-0.1387083113263866,-0.011830287265851029,0.025907341546171254,0.03135127394718859,0.12025513654024701,0.05886345034636403,0.054325223660586466,-0.017799561486583862,0.0015922175623763518,0.01087079260200606,-0.0032336307514772775,0.04357117473908725,0.03009631446550461,0.13868953720612642,-0.01451465989867801,0.05160629005311411,-0.027327092241338023,-0.016038983598258484,0.2160646398843371,-0.003916060965369685,0.0226080407975289,0.18601786309313514
40,0.11074388551581571,-0.01611700254728767,-0.04460358581488875,0.03751411032619213,-0.005885292164602125,0.019402988981011882,-0.011260602883623842,0.15318919588663527,0.0954139085907669,0.020718484962042007,0.0066697833943276325,0.20945426737186013,-0.018801806094996258,0.01892121629186421,-0.17945154695075932,-0.009802589675318524,0.04377887834537339,0.04339212955768616,0.1274071837244494,0.06928299682404666,0.04204009762896287,-0.04237941193186069,0.002253516940783906,0.020493501346790656,-0.03619874953079797,0.008290543183512562,0.029431252056017848,0.16185041508049283,0.02777942852468855,0.06015421083342556,-0.009985219044143115,-0.027300669805304996,0.21890715462361038,0.011167624470320374,0.01807967352750122,0.1998794026161405
41,0.11607754703964823,-0.037207658251580074,-0.014632129067056635,0.027779830189341038,-0.004237223503528622,-0.0018012608370002988,0.0031925950928338945,0.14066245262821309,0.08244380726728832,0.02022435106313778,0.021276449293442384,0.2080503709748766,-0.01633224987086871,0.07549822033710664,-0.042840576746687536,-0.009859447346695758,0.016459058292003573,0.029055319724139272,0.1110659417389688,0.054572049847465276,0.05832392542351171,-0.018246983618693518,-0.00577390111802375,0.026668384062437267,-0.008906254754097544,0.013008194510075809,0.06418567442240729,0.16540723325944395,0.0010145469962570433,0.039902274581640404,-0.018102759494689983,0.000836356702898977,0.1964464565903584,0.014067729489115183,0.023226885816856276,0.21269774499203536
42,0.09608359629395623,0.011836648862532325,-0.040165814256717204,0.026599990796158737,-0.012999079299047032,-0.0018063396634837537,-0.0013996770199070584,0.14822778555271,0.10192961979226185,0.029324637583252714,0.0019104086840640478,0.20807992652688026,0.043951931435355814,0.001733559678311801,-0.1763889147333277,0.022360840262869303,0.029612116599180578,0.03543216884274143,0.12561328315348277,0.04007845646562627,0.05891934026751153,-0.00971071228281127,-0.00898513450452199,-0.006562206045724769,-0.002572402977886221,0.011092987191515288,0.047745613248758076,0.15413530140866666,-0.004579621551576162,0.015253009340401889,-0.005910906761654142,-0.02439547290231212,0.20578472523418848,0.0034883442591196294,0.030740421551003864,0.1942778897564556
43,0.0897504826793814,-0.01981247142764673,-0.05174611417386778,0.02697459683427304,0.005304997757457788,0.00909128709033808,-0.029556237968297944,0.15198178403450674,0.09575981980114509,0.014303474190640101,0.01693630690356838,0.20779859475226162,0.016011842001889508,0.003412067372279199,-0.28994912498941167,-0.00453585011076503,0.03265415442219978,0.02410183990463753,0.08535293875499947,0.04774534469090824,0.04304894255047561,0.0029152202139232013,-0.02036135355211319,0.04601341092561158,0.0020278736781300386,0.050633761421646176,0.05113455513370431,0.15560864840883387,0.01900447917591744,0.002098376186101429,0.0019542705416855824,-0.007995031642997991,0.18978098447467384,-0.007460010924559683,0.050208039354893215,0.1906356602367229
44,0.09034975087565682,-0.0013058366429034988,-0.009555088353794506,0.02401757054648201,0.017548440310191826,0.010853101264461729,0.015023912076479929,0.15856745646849627,0.09935257884342426,0.043673157363548896,0.0032853578401084416,0.20966827734491378,-0.0030174974259876155,0.07932466718623067,-0.11638886239497166,-0.013883200953650261,0.05827485686507424,0.03272892774177147,0.09651920165681223,0.04228301876028415,0.06274882392444325,-0.012215489370388187,-0.012333438670066928,-0.0028111464442287753,0.001915313575791489,0.0215550005582351,0.03388079158460136,0.15243582949031617,0.0052951878095555864,0.05566987811906011,-0.016830064507947006,-0.005233687400687519,0.203361711442927,-0.004527570519754557,0.009816362135430245,0.20070450159216918
45,0.10416887895866375,-0.016534629909482422,-0.030777853388311894,0.05125370938178651,-0.014117237103771644,-0.01849492726304909,-0.004339565339694538,0.14408666599684913,0.0873406331575374,0.03928103957588669,-0.0079470865905425,0.2065327090471398,-0.0002911303085637606,0.0284597565036674,-0.08648640217118564,-0.01166806936705973,0.056124834900826745,0.048740772750230706,0.1246044196205074,0.04908236479986522,0.04395686764129765,-0.01782070769524038,-0.02277150126858059,0.05357894182130873,0.015574991166806737,0.006298608083544923,0.06577120311662951,0.14118214852102773,0.018173035550490838,0.027673012303634184,-0.04118117020614354,-0.029333679270844373,0.20925687237051252,0.024464134036088568,0.02392490644768584,0.19937151277594115
46,0.09700964463396149,-0.015458801253413965,-0.05813845503512795,0.03193404332877516,0.00029537447022918593,-0.005099371890862417,-0.011995661985980679,0.1431954547446059,0.11212476020241816,0.031116303351509,0.006263182572746225,0.21648305363983944,0.013540803394009981,0.003239260009967662,-0.15840884952760426,-0.0052196688645984235,0.01141601367145422,0.05744124659337924,0.08597500797384089,0.06979487284224004,0.06194897692572165,-0.0365552225165619,-0.0016257502255236454,0.023451223960472348,-0.0026045614823748233,0.03506060538959852,0.0270641253224385,0.14194307740220546,0.0035127619521064784,0.06913779778989931,-0.05128222982795039,-0.02355813342282018,0.20573848660791355,-0.010429710756646709,0.01906452742576707,0.19776559301566637
47,0.07025973629473052,-0.03478720850033712,-0.036384770673487714,0.027886978250128203,-0.0212177094076676,0.009919014117144676,-0.005272828736845729,0.160724663653158,0.10913434308352557,0.022718132988866786,-0.0008545231900614585,0.21013689213289743,-0.013888061490772192,0.058632066576926566,-0.11571209910801376,0.0015481012910855767,0.04572068360171976,0.054457553742772204,0.11679032814733532,0.0430024127185328,0.0524843780712603,-0.00830641224623565,0.0010903860896016675,0.02656373409753278,-0.005913951642135212,0.030462800789010237,0.03891152933366682,0.1477452554859679,0.013201221513777991,0.0178658482165947,-0.02687203468413549,-0.016549391138801404,0.19356257021191273,0.006344646529640978,0.03950932703285131,0.19920685137500285
48,0.09114454169924223,0.049096460810265294,-0.03864267119839065,0.04315478221026895,-0.021975625422874838,0.007551699035682287,-0.002771253308934858,0.1454647760367903,0.09053209883041606,0.010170413672872145,-0.010541080424250464,0.20148598894313088,0.0014624947820675459,0.026429731334492484,-0.19920560184365876,0.0057787833986635865,0.036899439845288186,0.041535438423368175,0.11732302749109891,0.045639811122206504,0.059652026368742644,-0.02398336246211444,-0.012551319983787982,0.019723046897917925,-0.024525183365660112,0.018348080277406892,0.05275906309240209,0.15618705265811722,0.016488722318377537,0.07968054392333329,-0.05274271003427521,-0.029424973882358693,0.20623194913042342,-0.0185682606341333,0.02563173060409786,0.19499992279193284
49,0.09910083031320742,-0.013721240567301726,-0.019141707717377793,0.05380976066320776,-0.012939272759364578,-0.00413206909983307,0.03350637425999527,0.14021104471906293,0.09641215344619303,0.01589038405134093,0.004063725264306876,0.20836941148966504,0.01954319541197732,0.02104750645691606,-0.12752049908634905,-0.0035774248345210196,0.043373305542953156,0.053043695944538845,0.10884138825165995,0.07521937752469889,0.06043015267125839,-0.014502907220894503,-0.010840515554435624,0.006345589093348754,-0.0009348596408948194,0.03897717280416522,0.058092177439465424,0.14884985654839236,0.0358215756736263,0.016313927848284053,-0.03206479019994785,-0.02853607412526434,0.2041428117589571,0.0245001836727905,0.029682060637632925,0.20727525152028772
