,AHI,ahi_4_percent,ahi_central,ahi_central_during_nrem,ahi_central_during_rem,ahi_during_left,ahi_during_non_supine,ahi_during_nrem,ahi_during_prone,ahi_during_rem,ahi_during_right,ahi_during_supine,ahi_obstructive,ahi_obstructive_during_nrem,ahi_obstructive_during_rem,desaturations_above_20,desaturations_mean_nadir,desaturations_of_10_20,desaturations_of_4_9,number_of_4_percent_desaturation_apnea_hypopnea_events,number_of_all_respiratory_events,number_of_apnea_hypopnea_events,number_of_central_apnea_hypopnea_events,number_of_desaturation_events,number_of_obstructive_apnea_hypopnea_events,number_of_transitions_nrem_to_rem,number_of_transitions_nrem_to_wake,number_of_transitions_rem_to_nrem,number_of_transitions_rem_to_wake,number_of_transitions_wake_to_nrem,number_of_transitions_wake_to_rem,number_of_wakes,odi,odi_during_left,odi_during_non_supine,odi_during_nrem,odi_during_prone,odi_during_rem,odi_during_right,odi_during_supine,percent_of_deep_sleep_time,percent_of_left_sleep,percent_of_light_sleep_time,percent_of_non_supine_sleep,percent_of_prone_sleep,percent_of_rem_sleep_time,percent_of_right_sleep,percent_of_sleep_time,percent_of_supine_sleep,percent_of_wake_time,rdi,rdi_during_left,rdi_during_non_supine,rdi_during_nrem,rdi_during_prone,rdi_during_rem,rdi_during_right,rdi_during_supine,rem_latency,saturation_below_80,saturation_below_85,saturation_below_90,saturation_below_or_equal_88,saturation_max_value,saturation_mean,saturation_min_value,sleep_efficiency,sleep_latency,snore_above_40db,snore_above_45db,snore_above_50db,snore_above_60db,snore_db_mean,time_to_transition_nrem_to_rem,time_to_transition_nrem_to_wake,time_to_transition_rem_to_nrem,time_to_transition_rem_to_wake,time_to_transition_wake_to_nrem,time_to_transition_wake_to_rem,total_arousal_sleep_time,total_deep_sleep_time,total_left_sleep_time,total_light_sleep_time,total_non_supine_sleep_time,total_prone_sleep_time,total_rem_sleep_time,total_right_sleep_time,total_sleep_time,total_supine_sleep_time,total_time_in_bed,total_valid_apnea_central_sleep_time,total_valid_apnea_sleep_time,total_wake_time,total_wake_time_after_sleep_onset,variability_between_sleep_stage_percents
0,0.5611194040366173,0.5204326914001097,0.257298627387404,0.24310713360758565,0.23651908313414935,0.41884784055086205,0.4768514193981109,0.5008184270278024,0.4042209430203859,0.5895641742837154,0.4064632790440783,0.5585119719213233,0.5676771624925868,0.510155550475081,0.5865993981602333,-0.04006264487734986,0.2360543235011711,0.15805369784437162,0.5284821493327636,0.5069901721869235,0.41616360043417566,0.5430177823171671,0.26253373757546283,0.5075316386460237,0.5525576759986564,-0.01543942333352464,0.22295823460955277,-0.018599441558406996,-0.06155296242819793,0.20936369840424826,-0.027479612253883946,0.1976899491548393,0.5220775160495243,0.40043524895887017,0.44972785391957854,0.44044127953299683,0.3618000558096012,0.5637772948182292,0.38147427346086205,0.5020821813709622,0.22308011380282497,0.10635573851253269,0.19874971832841853,0.13731930379289725,-0.03067039080932449,0.1537792287872592,0.11171580133848623,0.11852661373215309,0.1373193037928973,0.11852661373215327,0.4456166003903203,0.3008688046346385,0.3464011270951811,0.37386167709258816,0.29467833349913,0.49230562739403394,0.2823142236850626,0.454729672026966,0.06130595891737793,-0.03831353815095877,0.13056364696402387,0.2475437565705149,0.21741806022828394,0.18252847124185065,0.576729062172666,0.4293956170009325,0.09649260080840535,0.03587291393416674,0.2132566587569159,0.38779643840178124,0.321215546154352,0.13984141640791173,0.3513822089824742,0.06683092409315258,0.11859243560301176,0.14155587398742667,0.09860330613407375,-0.02968729950788967,-0.030215401409477555,0.032362385053134275,0.1732091853324042,0.10849101400543244,0.16788234507059377,0.1435555728807065,0.006541316725340968,0.11154264402967959,0.11100951683204065,0.034319989455799914,0.11263019175443473,0.0742883191970418,0.014193019760145307,0.02305130439583292,0.13313758880080725,0.13776304579008827,0.20257333616742787
1,0.5594780387763753,0.519346175832008,0.25491214731850803,0.24478519381575597,0.24251922810673565,0.4203184780065562,0.4771875990769539,0.501476709670288,0.40397733052125384,0.5907321410668454,0.4051204614182151,0.5600084786495552,0.5682752958561736,0.5099322706533872,0.5868217807573475,-0.03886827951837506,0.23589349848495844,0.15787552391711182,0.527500560409964,0.5063297232975156,0.4156383238735469,0.5417734819934952,0.26042055355627824,0.5067422643070951,0.5525674776458991,-0.03131478820996344,0.22491777600089163,-0.03894728035237781,-0.02327739744260377,0.21099045070855868,-0.030722284052633612,0.20132036185234303,0.5210361309461242,0.4016787044263798,0.44925224693058513,0.4400765363656614,0.3592807053089647,0.5636625886663752,0.37524388381728513,0.5051584731140739,0.22232449184819353,0.10803844200397623,0.19894419506486805,0.14366132312693308,-0.05907788558653371,0.15252303866040343,0.10900047519201235,0.11953249028367981,0.1436613231269331,0.11953249028367907,0.44453260600416616,0.30381801281768334,0.34714500647450547,0.3747944293593725,0.29205361357975124,0.49323671587290313,0.28205163556439805,0.4553791764202111,0.06068382729976804,-0.031839819798734764,0.13029138187534126,0.24228109850389778,0.21211992561126264,0.20623652251118776,0.5767290362582903,0.42899521413457953,0.09955468205307076,0.027472781567340575,0.2127812598671064,0.38340287175512633,0.31691919870396,0.13659681758309666,0.3479493059044127,0.06854795040798375,0.11921156265801591,0.1409533476947801,0.0958855241632454,-0.04807754406950455,-0.01899503959303648,0.01744413043060553,0.1715741037384187,0.1104655525878388,0.1625381658475986,0.14403537126893376,-0.004261015047890676,0.11197978151121171,0.1091939923680706,0.019833261565997757,0.12034872003376887,0.07653342499916238,0.027029936057090382,0.007503545190991364,0.13699882468247063,0.1381687321173471,0.20335934824762697
2,0.5614810169812536,0.5210540998424935,0.2452444827966002,0.24418873842090416,0.24300312038226052,0.4197948872911359,0.47789888135369746,0.49968758645439565,0.4022707133077078,0.5895236264048409,0.4062033885563168,0.5595402104743171,0.5672791916581973,0.5098890310422931,0.5864953507455216,-0.027555577323211577,0.2409540411476497,0.16027990030933353,0.5290738384890777,0.5080674910433945,0.41810758069174736,0.5436018571533497,0.25488673461143446,0.508558036471278,0.5520986429981912,-0.014839081447745114,0.22531992318536168,-0.017016732502980324,-0.04587105021409777,0.2103216293606135,-0.042058023186525774,0.20220164381058645,0.5227589904980084,0.399634674813321,0.4505262993728771,0.4385650780973516,0.36091616637579466,0.5616946720619315,0.38253520739541536,0.5032397694565213,0.21659911641071633,0.10799038065161899,0.19175782896529017,0.14157860714640716,-0.0635156949055745,0.1487310197693964,0.10693060409319817,0.12039840641098995,0.14157860714640716,0.12039840641099014,0.44726162222303595,0.30336963856060933,0.3473697272959087,0.3720458110975281,0.28857788612029645,0.49270501269810635,0.2829862801601857,0.4558839791221728,0.057907111944446914,-0.02794933541586902,0.13834517960633586,0.2449409245958448,0.21643748858167824,0.21154690463049625,0.5774187202692455,0.42888739876754167,0.10470786192157538,0.03755048845929435,0.21245042347986748,0.38733929239873544,0.3230812407345456,0.14184420460707417,0.35060262949161963,0.05960494195676087,0.11226360393593125,0.14597461997562186,0.10294932202811,-0.04961315316996372,-0.03484820945969389,0.0060273912964531025,0.17019164506438753,0.10897795938988311,0.16138613928427795,0.14511752658195384,-0.010886124889506505,0.11008438515397781,0.10436997540040402,0.007891587699970034,0.11930416057255142,0.07372088227508239,0.019286689021189376,-0.0116860734467851,0.13595310760769666,0.13798022421966905,0.19574846463213655
3,0.5610774909837314,0.5210026865214148,0.25416172989536445,0.23976016364686292,0.2382583109947007,0.419912386890973,0.47814103387603357,0.5016609925643185,0.4038381275416001,0.5905481538731109,0.40589560471550173,0.5599421575765409,0.5679515750410987,0.5086534477020855,0.5855993768692354,-0.03969250557282994,0.23780411070885082,0.1513482232587603,0.5291806475345248,0.5079933809856338,0.41624278036978796,0.5432994559317819,0.2602310433642021,0.5087160258440655,0.5520840243297317,-0.03463175478997748,0.22406652444046432,-0.02828155126553841,-0.02518574529875686,0.20956066987200572,-0.007355831784378726,0.20296273316389774,0.5230061170943547,0.39881758038127246,0.4497978604908586,0.43957465867652956,0.3615046550277789,0.5643591336942538,0.3801287439177014,0.5050002999787494,0.22137938187016468,0.1116643963885739,0.19576635080494065,0.1452688078963852,-0.04211669314929588,0.15092544638694902,0.11069599006737171,0.12090674566843584,0.1452688078963852,0.12090674566843562,0.4453331766565948,0.3028217182698552,0.3493159024390323,0.3740903394693276,0.29290269764306226,0.4939188960259139,0.2841389966613538,0.45620211671590216,0.06115479608244881,-0.04452421300702044,0.11144376087128345,0.2365025453536738,0.2044458864309676,0.21074607168079235,0.576515157512341,0.4290369369152603,0.0985462221126034,0.03604016398415217,0.21076134262445667,0.3875463764807346,0.3230476735231361,0.12355982778448231,0.34532864046501716,0.06431812363917473,0.11545681399485345,0.14565740784629944,0.10379275512502242,-0.028604896333202654,-0.03428163609864326,0.026266233569270346,0.17360816889666267,0.11282037097206263,0.16261613200393132,0.14756484282441606,0.011606963702920945,0.11108871701422796,0.1098228337583454,0.02695378022485604,0.12215819423151855,0.06765239079300515,0.02830868645041441,0.014835707916142776,0.13652439435072078,0.14106329121857067,0.1999779001926799
4,0.5613930992469061,0.5202500515607562,0.2587481609827674,0.24124754181786584,0.23937064993637394,0.41917354727371464,0.4784862493703059,0.5008136116611216,0.40341147632485647,0.5886830641128218,0.4059885135162336,0.5599593353825577,0.568566528305015,0.5105384617537769,0.5869283083936983,-0.02389298937477641,0.2415298142738025,0.15890649805888954,0.5283414486988627,0.5067581024506597,0.41687930281327107,0.5431653597954558,0.2634654960074859,0.5071828279230579,0.5526046864171121,-0.03255734819029979,0.22708479495582343,-0.03213282096825589,-0.03216129507215436,0.2132025358378131,-0.03350570019126342,0.20346750102664876,0.5217486209799127,0.3999570471802865,0.45168721224680225,0.4388264972417032,0.3610823562208763,0.5621223029582035,0.3816926247678164,0.5046053033998048,0.22437083373752448,0.10818762809438151,0.19802410847122456,0.14696430325153706,-0.02112593681397661,0.150648073388962,0.11097550103093316,0.1161810023311609,0.14696430325153703,0.11618100233116012,0.44646148484958376,0.3017853533079898,0.3476857361837217,0.37356626032560797,0.29225850231770323,0.4907012239998057,0.28357644424706036,0.45665415894473144,0.060271651469638594,-0.024171978990539147,0.13527769134011294,0.24436488933782535,0.21357404134649638,0.19316440438681184,0.5761240929376434,0.429581356670186,0.10734193630932196,0.01776384741739627,0.21151414279193645,0.3869388066075359,0.32152000118113233,0.1355639501062757,0.3495246446126769,0.06820610956341391,0.11746730442685661,0.14194166367030578,0.10287804487186195,-0.011090720822443424,-0.04493548371056465,0.031503405270701904,0.1721008268560773,0.10940738227883405,0.1640590585158095,0.1477381422408766,0.01150595446944622,0.10477980893328363,0.10762878635170554,0.033682549418104016,0.12351969422273602,0.07846473335302666,0.02459572228427318,0.012550191094375473,0.14001159131943003,0.13399617761509378,0.20215010480360449
5,0.5605225041544771,0.5190110011172506,0.2603472530051153,0.24210961896700264,0.2363778982843783,0.4191349204017331,0.4782656925836532,0.5010772994615316,0.4026013006006358,0.5904793945463443,0.40721279720808345,0.5593476393026393,0.566952570735038,0.5104043379542473,0.5864545741853433,-0.040090870226719734,0.23693996268076345,0.15362192855678194,0.5276993422658891,0.5062215495270013,0.41574744759637694,0.5425797639369266,0.2637087784023273,0.5071992600624708,0.5514711413761162,-0.021739149203114497,0.2283290583581409,-0.022724246218830176,-0.03537869314300415,0.21404038643776913,-0.052264163412909806,0.20226534572624275,0.5210819020884718,0.3968008893228034,0.4504121291691855,0.4391559145492848,0.35915507323661144,0.5641589952535434,0.3844851291036458,0.5050185911263273,0.22061257182961208,0.10809138416084642,0.19648101690925607,0.143718321064088,-0.02906192055224537,0.15125796148450826,0.11222801486588092,0.12163460043193415,0.143718321064088,0.12163460043193397,0.4447302077283124,0.3017869046847468,0.34863735302151494,0.37391315461179114,0.2920705743534018,0.4937821406722492,0.2857905368738569,0.4559122135174888,0.06104352744686204,-0.055860893527093176,0.10600757442429636,0.2500649758772009,0.21929778080010487,0.1908538760276362,0.5762404415945881,0.4275749685807669,0.10594673192018439,0.03441573165197329,0.21130430524341032,0.386792476534081,0.32149401979540015,0.13904470342270325,0.350372455942284,0.07406227224474835,0.11980895852398421,0.141556203551043,0.09393969762931804,-0.027042258998552945,-0.019677273872139193,0.027303049869919462,0.17161908685658475,0.11041694257240553,0.1626332361091295,0.14619782456291794,0.007476306953301124,0.11330380589618985,0.1082941000103643,0.02927618748781194,0.12114914297730102,0.08063454815303159,0.03265289850163151,0.02799600920821201,0.13997588630803115,0.1412002719138775,0.20106440457963973
6,0.5600002412819342,0.5190830391230615,0.2529645883680628,0.23892650121252298,0.237144203318735,0.41994718917108503,0.47770437162629903,0.5010929848872424,0.40156808430254676,0.5905064071291927,0.4080634826905926,0.5590032301687065,0.5680726530129379,0.5099943990318135,0.5866633053464102,-0.027282813301224784,0.24257925521277526,0.15979318632050662,0.5275617431143577,0.5062564522361838,0.4154444915122608,0.5420076383138848,0.25872480216846866,0.5073117177499235,0.5525941744580755,-0.01614793827637832,0.22683094123077369,-0.02836863798822218,-0.017165347991546183,0.21206465685521136,-0.02272980020584719,0.19944798025667682,0.5213519556102459,0.40139065285176173,0.45182296129097804,0.43992227397082745,0.3594517343044825,0.564290800291984,0.38140517317570005,0.5032832686057276,0.22125323902511707,0.10067462603800707,0.19483276977105593,0.14292039703128084,-0.04024110168860452,0.1484391569113314,0.1041503668863712,0.10805809580172757,0.1429203970312808,0.10805809580172769,0.4445096951965158,0.30177720145041914,0.34714419957811554,0.3744189277564441,0.2911741956090263,0.49415803693111515,0.28569857115510544,0.45537306754128914,0.05483211936942413,-0.02975597552252046,0.13976770310783515,0.251133610442265,0.22159289700237572,0.2057494468861665,0.5769142449455361,0.4282661302453511,0.09918812876990409,0.04279730234288368,0.21002993279909377,0.38679118576670374,0.32092180466698905,0.13862803831142423,0.3520417248576599,0.06536346821523277,0.11704532598878628,0.1460485024363338,0.10252133292582218,-0.022574492944293017,-0.029323843129639576,0.02130886496173444,0.17345377531462125,0.10226089022629503,0.16032159247136885,0.14446567732262894,0.013540483729182068,0.10905701328326224,0.10355214272692166,0.023660440238325225,0.11869404224976962,0.07354882041764783,0.02398898660252132,0.008247955508000492,0.1325923447214132,0.13154800400988173,0.19930573825317233
7,0.5605941312518253,0.5206728993771532,0.25433844408949585,0.24444396961188528,0.2389938638716885,0.4190683742343856,0.4776508574679594,0.5013381261787335,0.4029363649370355,0.5902913736316162,0.4067420672915943,0.5578790020342232,0.5673474643984628,0.5086385190716344,0.586152537394859,-0.0218035438079685,0.24150974767872155,0.16138885333129538,0.5288064576286261,0.5073247536336826,0.4159246567826892,0.5426256692112099,0.2609673557736568,0.5082066997727896,0.5517609537789765,-0.044226825794965494,0.22432178633805974,-0.03580243948019787,-0.02491884479649199,0.20932237874642526,-0.03628757580300689,0.19677920650462838,0.5227476938717346,0.4005984325619965,0.4500265385285376,0.4416184276150343,0.3618246837925385,0.564343943527688,0.3818234641105068,0.502597513805013,0.21901582184351598,0.10990633112133767,0.19869760798691893,0.14033024670451957,-0.05392456611946109,0.15621044172349743,0.10982386600515318,0.11735829648865315,0.14033024670451952,0.11735829648865395,0.4450710344027753,0.301869734662699,0.3478440257077152,0.375033981868679,0.2927708854036207,0.4939308144541023,0.28571695503284866,0.45294037834879114,0.05135609829745102,-0.020365926455612453,0.14773060816885158,0.25206800083624215,0.22422629010031012,0.20870200510479361,0.5775526588598897,0.42888001177381024,0.09861913953484971,0.030377236405027673,0.2115847747692173,0.38624994540812324,0.32114113324001997,0.1441688722339448,0.3522519179609845,0.061878444845728554,0.11586915069429114,0.1444861435813695,0.09689884898959443,-0.03675098623795981,-0.03046028172007533,0.028693276733287535,0.17404966777791472,0.10961386809134913,0.16458836733090185,0.14399294717467784,0.0032914863747447224,0.11617901649511649,0.11011860229785914,0.030596711517502772,0.11710070702843219,0.07289553971616278,0.005701887757947721,0.01991308578275154,0.13462024706081727,0.13757454107938583,0.20266856999828348
8,0.5613378244905053,0.5199258503512909,0.25506267201380906,0.24074433888016267,0.24323988276113057,0.4202412322985057,0.47841008332894264,0.5002089525773822,0.40311690147712237,0.5903393324929219,0.4059846248058522,0.5594430190966556,0.5676989526662088,0.5096314980054847,0.585654257653916,-0.036805139333016684,0.2380042317109804,0.15161152117329674,0.5287429720454667,0.5064673677775179,0.416573695684776,0.5431881561097598,0.2594718733505108,0.5069716868237448,0.5514052327834742,-0.018557478268523955,0.22694714038442648,-0.016273725671276898,-0.023754702017096587,0.21284900553619432,-0.03709518640213284,0.20154334875136617,0.5214941441624558,0.4010705421230437,0.45070940019718597,0.4410281784012019,0.3582131071073629,0.5642616071698626,0.38089993002620576,0.503487581630267,0.22141827130276895,0.10555621577074441,0.1983502900625631,0.13736193125945317,-0.02681584196340823,0.15392850575937014,0.10381602047708643,0.11608232448819517,0.13736193125945317,0.11608232448819461,0.4461493870867548,0.30407490633254164,0.3481775870127411,0.37347473468574127,0.29030528743333334,0.4939463272290501,0.28118596924001893,0.45612458165231273,0.05974289240372369,-0.0458919932567643,0.10498231707212553,0.23756055865292197,0.20202518419927737,0.20175831552455764,0.5766563091088927,0.42609622065423636,0.10082332709942636,0.03281344887797276,0.21216731896880497,0.38414068306993016,0.31788439394218554,0.14137176771535942,0.3501779535640746,0.06068600940283012,0.1163210610465203,0.14575465972267249,0.10149973520657293,-0.014631771909095058,-0.07173633251327753,0.019996939250960043,0.17387886930819632,0.10414758655635566,0.16432748884951545,0.13917373902297106,-0.002644479025732888,0.11375645064754929,0.10293127578968586,0.020919102224664764,0.11648047665891918,0.07287924979491539,0.02412110092770019,0.0033221447736341636,0.1358258451245375,0.1337377757856873,0.2028037954607488
9,0.5601074375774557,0.5185046654654366,0.2595108589778864,0.24449644349838776,0.24219665110079194,0.419864551549633,0.47798699793186233,0.5020357680623752,0.40468789368879876,0.5909831338973442,0.4056143320120241,0.5581357397821202,0.5674391486259591,0.5095195412125707,0.586196239814879,-0.047501576349856516,0.24168857439594132,0.14569961214482813,0.5272711254811436,0.5050076493241712,0.41619221715191346,0.5419674692213625,0.2627732656366794,0.5049722271960219,0.5519736037841823,-0.027535187460873113,0.2234163315004895,-0.029564404889899153,-0.031155174844770168,0.20922954743856162,-0.019406545100867006,0.19722633576176274,0.5197441869972782,0.4010901701745007,0.45120619245058624,0.440566816940921,0.35985163711236995,0.5641104541122294,0.3800999572774991,0.5032953613099185,0.22328038799149824,0.10713284261913913,0.19725627813324378,0.14259691997781165,-0.043276650141469475,0.15162074504019057,0.10977778130697943,0.12182734336851984,0.14259691997781165,0.12182734336852004,0.445734275325974,0.3015701916098143,0.34817204560337284,0.3756676625855026,0.2929527880266623,0.49442205342409035,0.2829487780987961,0.4542725452574324,0.04922977664976613,-0.033067823054197545,0.12367915391268959,0.2480521275094533,0.2185956018248357,0.18897679361012582,0.5755964666403535,0.4277829520034318,0.09495194535405613,0.040702966854763566,0.20740682506223382,0.3866468780740349,0.32024474745425185,0.13509175359809883,0.35197459267642683,0.060279393134119966,0.11960217060771733,0.14571830542076927,0.10105096792834964,-0.028464923597080333,-0.019987199549347526,0.02523996308314062,0.17536592234989187,0.10908226201445903,0.1660945910299482,0.14365269723255314,0.00783140834396283,0.11254785993371472,0.10576996036628394,0.028095571132736138,0.12195790935526697,0.07315038168034442,0.02590869011939911,0.009685523951876737,0.1305334164429938,0.13905408178617934,0.20154383490576863
10,0.5618198741292066,0.5207097062638539,0.2553073667819943,0.2455751618422964,0.24276397858527934,0.41965459343445793,0.47824696951397233,0.5007213320003843,0.4044682566901738,0.5907407663064439,0.40631370179197224,0.5593985086823503,0.5674189022587545,0.5106254671746163,0.5867297183827651,-0.018099565214727872,0.24257718567560144,0.1612240198772466,0.5282438862765965,0.5073178186056595,0.41798995232148,0.54382867303781,0.26093636280242244,0.50752469057624,0.5517956498928334,-0.03473325928100993,0.2270782320163685,-0.031792982080074805,-0.01628088729675834,0.2124218290057702,-0.016375708612405986,0.19409681766666068,0.5220915227110274,0.4006139296111595,0.4511318950803772,0.44000512568069855,0.3607075120415073,0.5643050951752431,0.3809747756198006,0.5053116559479834,0.222700964885981,0.10145907863382789,0.1959416147169117,0.14410178185831643,-0.027333035363639218,0.14804157201672558,0.1108794215047028,0.12187654425989809,0.14410178185831646,0.12187654425989781,0.4471766197435887,0.30236489318595233,0.3488791149839969,0.37345139291297735,0.2936046505793033,0.4943585258352722,0.2848148144507339,0.4557331869827913,0.05053376627337951,-0.021191908489509467,0.14961701577973507,0.2518083393300894,0.2240630050947753,0.20801754737394598,0.5767127915104348,0.42843573206291646,0.09506275829807827,0.00432593928251938,0.21160845924654742,0.38605295483988744,0.32154608723676226,0.14146799433270016,0.35079232417402456,0.06888225839011912,0.12054370797144473,0.1452249124064441,0.10221975580163925,-0.03437246558980102,-0.05219985908648447,0.023588009091260187,0.1728744827075087,0.10498810537186185,0.167317943814916,0.14746026713386023,0.014329752324886128,0.10696049782587647,0.11191816401786862,0.025783978285401472,0.1187566939240962,0.07695453749548281,0.008387240840841421,0.013315320876466887,0.1308940057644115,0.140560497505329,0.2003149963364329
11,0.5601805182368571,0.5191089238250283,0.25648284624390344,0.24393410187893144,0.2384344760660638,0.42059476990517775,0.47758066650548653,0.5010754784619045,0.4016009606522329,0.5902691634826679,0.407122921271094,0.5598233141259891,0.5674960734915452,0.5094494868666103,0.5853390508326726,-0.03018601550025673,0.23990903358914636,0.1565692711994776,0.5283190753138822,0.5061538774158346,0.4159502835330824,0.5424190281105389,0.26058414070308955,0.5069706455723174,0.5519173816449047,-0.029780536322198164,0.22368070404624638,-0.0244685372791765,-0.02793872677723064,0.20719293805014313,-0.017176592477275474,0.19999497354060866,0.5210811818763048,0.4021682087515608,0.4512914137093058,0.44021222533581167,0.3585466960245076,0.5634912770982466,0.38555946912166,0.5047961524275777,0.2231008518266314,0.11473800538208004,0.1977964972422774,0.14001677527151205,-0.03132260962830762,0.15002182850943338,0.11027855426951294,0.11669706327774777,0.14001677527151202,0.11669706327774765,0.44480593497414506,0.3032956653740881,0.3485988598709411,0.3744758030499916,0.29056308325814295,0.4933706287565046,0.2852906825099168,0.4565107617275581,0.063842134028129,-0.03034347573061146,0.13126707094346732,0.2449933405836956,0.21288007456355568,0.20039298934243605,0.5768960539307487,0.4284639055425,0.10299649548669398,0.03481256280758322,0.21149054008748427,0.3860595879012312,0.3200926683036273,0.14369233204434562,0.3485638656577954,0.06354907208090424,0.11748481460310989,0.14475842422425547,0.10043732505397812,-0.038407383165703454,-0.017938944607846025,0.03531384873604397,0.1713301048530545,0.11478849469332403,0.16840045628137199,0.14330738039387741,0.012158230198916934,0.10490301870833452,0.10858925735404017,0.036322001552335864,0.11709600776422814,0.0743507234817145,0.02351194268664141,0.02121005464957702,0.1367855203484417,0.13621183582222168,0.2021352978165679
12,0.5610962601349907,0.5205208847594741,0.25735771079642655,0.2452423198119914,0.24158085976774962,0.4184650916451287,0.47825306907386467,0.5013955639797723,0.40334078777260396,0.5907070199898877,0.40503007380680944,0.5598691765961075,0.5680710123520502,0.5100704032393865,0.5865618234773972,-0.02541987074305466,0.24262281152996262,0.16102772259949283,0.5287945181286644,0.5076385794422762,0.41671174083097445,0.5434123815887756,0.26219796633483916,0.5084879567941887,0.5526367588430936,-0.02217807429039336,0.22633406766334713,-0.04073069491341111,-0.04765640015726121,0.2117021038731735,-0.03790856217136765,0.19941773183714245,0.5224529502024685,0.39906301882807704,0.4512020651003736,0.4401579423379737,0.3631020067633879,0.5631072675397332,0.383257829700185,0.5048432462811121,0.22074179218652945,0.10718239893584648,0.19636216481458924,0.14365716986366353,-0.02338078253786131,0.1507453588052915,0.10775508106819083,0.12116495364483706,0.1436571698636635,0.12116495364483701,0.4452932146385095,0.3016954873088059,0.3490480105832494,0.3741264806133536,0.2925496943610442,0.49392724431129426,0.28238736762529454,0.4567623565683893,0.046479076931471804,-0.02056237429999026,0.14126202818526076,0.2519991239389776,0.22275820855945133,0.21728394016322308,0.5763484587346336,0.4295938406263038,0.10142094376007797,0.02870764298019256,0.21008904880077503,0.3840659620222067,0.3179101544028264,0.13730736086631298,0.35107713915937755,0.06009675085866438,0.11586215235977333,0.14465050277347488,0.10064833387536601,-0.050585616042362835,-0.05467530849191205,0.03622307531376551,0.17021260346033285,0.10839103609989363,0.1601702030204074,0.14467272359500388,-0.0019000973689627279,0.11233437877663519,0.10621280507814548,0.037552915358715876,0.12070363440231348,0.07859340837592553,0.03210355948791967,0.031925273414250215,0.13402434761796014,0.14146060073207609,0.20116567895256632
13,0.5611922817188171,0.5196727014053967,0.2591201085690168,0.2449905351174523,0.23867355464302067,0.4184021975139222,0.477433222979544,0.5007705858341429,0.4023581696136873,0.5900147976820396,0.4064929440928329,0.5599080644615303,0.567826258715914,0.5096875226265725,0.5861596658092721,-0.011174093283634246,0.2399152856566636,0.1627445056089798,0.5276487812357812,0.5070088970013459,0.4180410405813678,0.5437017384359907,0.26303709011093385,0.5075382013005167,0.5522990771052434,-0.0286363073068973,0.2265992604761765,-0.036105649617280355,-0.022848137391080353,0.2115848076475329,-0.020801906302093578,0.20217510350774565,0.5211575587957488,0.39997840329876994,0.4493336360968966,0.43958084578763057,0.35891673378718186,0.5640552800639891,0.3815136235424069,0.5050141441192806,0.22265064944553978,0.10765955168698596,0.1953090212825701,0.14599826777265545,-0.03995344525292043,0.14965395910729726,0.10951559691182491,0.11923922313780977,0.14599826777265545,0.11923922313780956,0.4467535713083784,0.30192025435255954,0.34901117399718556,0.37367706666876044,0.2887707749429304,0.493349963885628,0.2847001080838189,0.4566469163221961,0.055225124710250165,-0.015547305233495057,0.14945479290374425,0.2515386980530064,0.22288317646583022,0.21698076122331972,0.5776312144521302,0.42796612161696046,0.10361559779342036,0.03872843764105309,0.2110212692750809,0.38591221282132226,0.320443871543863,0.14263804043823308,0.34932448374303404,0.0618859010654227,0.11917615225426757,0.1442931230937746,0.0901585859546005,-0.02351326393365895,-0.04803235450001358,0.03107378744904042,0.17165768316200336,0.10941341382609387,0.16531659496220247,0.14808183254098614,0.008068038568299768,0.10795894021558156,0.11078540293835226,0.032829381771817295,0.12199901911827166,0.08235376263826943,0.014769905067102128,0.014460716053202687,0.1367591778984569,0.13958946958819815,0.19962606078446937
14,0.5602884379119975,0.5198060975873576,0.25188869009355663,0.24176877956609788,0.2388965976318302,0.4165774620694904,0.47580262201493245,0.5016495833369402,0.40392878565888635,0.5909491775984551,0.40605477285409913,0.5595945138707871,0.5667265633761934,0.5096082431468022,0.5867282812900135,-0.026112495412463684,0.23645172159935648,0.1575807190376318,0.528848551945749,0.5068806858073653,0.41587988811415616,0.5424115128624498,0.2584331676649619,0.5078395503168214,0.5508351122181586,-0.04041260004075152,0.22384236118860248,-0.04219804308166099,-0.03840503049914926,0.2086345910240012,-0.03821844092297498,0.20040544024762014,0.5220518402005068,0.3979555764407199,0.447573115694063,0.4407165096840117,0.3617268856991256,0.5640843998531253,0.383938464899398,0.5048151423760375,0.22184051278297856,0.10485888706390886,0.1950517851894196,0.13775137128277046,-0.04537035491005365,0.14967952910197435,0.10507352365758227,0.11825569873323426,0.1377513712827704,0.11825569873323387,0.445136688526413,0.2998449514641776,0.34712975084560566,0.3750717306105592,0.2939671052992962,0.49422458298259936,0.28346610781254405,0.45606475595062335,0.03983647324460299,-0.02027431298069724,0.14266041311891875,0.24989035583760938,0.2204388767964088,0.19777596053243754,0.5768640583429949,0.4293175119379983,0.09649576786093986,0.04165889236882939,0.21129669993674116,0.38493699778712764,0.3178778870086088,0.13762060798893003,0.35038357572999684,0.0686786297382435,0.11961411705324981,0.13693752017551683,0.10149510090603463,-0.026835667065148096,-0.03768922275507822,0.0287481257460893,0.1693469574479201,0.10741854705133011,0.16779116951421302,0.13902865228955574,0.00821881365205961,0.10205977261395503,0.1047416380410196,0.03062922684015951,0.117270429412712,0.08002064190398328,0.02420640866696937,0.01585579430323285,0.1353087911047304,0.13879304140432872,0.19892721023902935
15,0.5594168330279174,0.5186016128203571,0.2550844748172732,0.24315006816478613,0.23989768859276708,0.4200106711654033,0.47821616154189384,0.5012718084041926,0.4043740493189763,0.5894613802159652,0.40536644141870504,0.5601913043944462,0.567597281596031,0.5102030353141617,0.5868813505526003,-0.04206448699790818,0.24148216902083394,0.15496874442811975,0.527165503709876,0.5048496504443508,0.4140813854456024,0.5409293766490862,0.26055352450965796,0.5053189720936767,0.5524512009189223,-0.0341095486566227,0.2261337024475161,-0.036344292383153065,-0.04939622550165146,0.21160864461717235,-0.03060024239320914,0.20069595403688587,0.5204624719084733,0.3995168552029387,0.4513865231469996,0.44034892963326827,0.36119033872549433,0.5625895613827174,0.38364498809448067,0.5048261981064787,0.2233981640932778,0.10679351362014287,0.2007217813909827,0.14025412215930094,-0.023036277798012445,0.15649125897377716,0.10913208237617021,0.12268870818337578,0.1402541221593009,0.12268870818337614,0.44345135280832915,0.30382032801058234,0.3486146259944163,0.37464797482905676,0.2921599517759719,0.49300523311214717,0.2823725397488615,0.4566389098996439,0.064071843912087,-0.045439568869833157,0.11436161702286533,0.2446216276695573,0.2134575333674234,0.21689099146602472,0.5754645316181262,0.42842540545506674,0.1021652797254662,0.03818883189062878,0.21207995057668838,0.38622171811952916,0.32078974923098014,0.1356112802399792,0.3482939927314081,0.06880668328929315,0.11740512817560357,0.14670287577857602,0.10381931465436958,-0.03442736641711281,-0.04949810861289002,0.022948015300247867,0.17284818620714149,0.10943344295738955,0.16772420344293745,0.14381990783751702,-0.007911540572205325,0.11443438050380403,0.10936124723359784,0.02570932097734029,0.11647481348038216,0.07502284355532468,0.024503288019163086,0.006469790949291499,0.13635831846618976,0.14117604011609847,0.20475616300388325
16,0.5609108534751782,0.520849873845971,0.25510755538588464,0.2424102791789897,0.24518177760409463,0.4186170619584627,0.4790096681777264,0.5001159997244167,0.40464578763702763,0.59021385290894,0.4032090346792987,0.5591779482804117,0.5670592987838025,0.5108298122584093,0.586760553926143,-0.02012128148391847,0.24101055641439098,0.16051187887047805,0.5287124527676996,0.5078285706477892,0.41668724892091613,0.5432024324251576,0.2613521091593992,0.5086679303656675,0.5518502396632682,-0.04060978146505722,0.2217718322793901,-0.036297362754412574,-0.029873292178891477,0.20818438924608965,-0.022512986986845118,0.20186664526209738,0.5227830410394555,0.4014060433687929,0.45188629501423816,0.4386144240291082,0.360403635040745,0.5636168862692061,0.3802679140713324,0.5045675672946573,0.22028130686911215,0.11246628677896636,0.19571367094800618,0.14245353464448848,-0.007059593817560977,0.15115312437547324,0.11459160444542554,0.11873241785843322,0.14245353464448848,0.1187324178584335,0.44549576160890636,0.3025521737615087,0.35025908949034557,0.37025586675600547,0.2946210958253911,0.49310903033603215,0.27883356284361704,0.4556107643011033,0.05000310124144222,-0.032257943516829576,0.13202904150043046,0.24546822018706513,0.21429418660049954,0.21621747626462046,0.5775615521184099,0.4287342194768555,0.10047608990357516,0.021874148546874056,0.20656990520491805,0.38539114018528686,0.31954034397203307,0.1310118580244174,0.35003626347175043,0.06250278191422352,0.11467081874244399,0.14507230975880445,0.10614659033699408,-0.04917125106501083,-0.03475835118050926,0.0035961004716650053,0.17216478988052691,0.11250090241835815,0.16359148686186264,0.1443627845054316,0.015200021353186365,0.11155149467872023,0.11348111581678177,0.005725449146336331,0.12104415688083396,0.08007078687250858,0.015446609287249008,-0.023918590035995883,0.13797286118650173,0.13690908791699608,0.19961724300621014
17,0.5594308424646827,0.5170432570266356,0.257132957836882,0.24049373864971335,0.23401543796323374,0.4185472386140619,0.47798230512446316,0.501265514957698,0.40535106029230505,0.5903411314102923,0.40689277552385383,0.559338638160558,0.5679834743522472,0.5083801103908488,0.5866449366739848,-0.03172157974844318,0.24014203940216333,0.1561466401827437,0.5259246183526272,0.5036965603563475,0.41538032534639513,0.5415219298678008,0.2615815712957128,0.5047079090906796,0.5526779538030578,-0.02907250628404385,0.22527089652927582,-0.0348060228543918,-0.03555216088699247,0.21088822599703078,-0.0258226457254798,0.19860310079258953,0.5194009308952575,0.4003567458187304,0.4501413625203554,0.4407355095090671,0.36123117657972087,0.5640159426700679,0.3842013295714033,0.50445267821426,0.22214916526554584,0.1080918812729556,0.1980869540847255,0.14415802284190138,-0.025601439273570593,0.15166516247923573,0.11418484300589063,0.11710046077431362,0.1441580228419014,0.11710046077431384,0.4442812785964625,0.3032284492640048,0.3492135297366074,0.3734908552434279,0.2949555413431912,0.49325902741088756,0.2842640684414207,0.45662894819657124,0.06150901636440529,-0.033023914162532295,0.12433061710445724,0.23751844436761574,0.2083319613294777,0.177794731436726,0.5723384323019856,0.42804323132394057,0.10238301751502478,0.018474812874776363,0.21269275647739924,0.3867007012976413,0.3220829724898459,0.14434716087511765,0.35042444857441607,0.058516484680651196,0.11077191874722708,0.14488259322482186,0.10600595766795243,-0.033458616969274824,-0.07131460467675141,0.039302091916340307,0.17296900985094912,0.1086365831711193,0.1671123316423765,0.1464323489600721,0.014569469203353986,0.10681768971956944,0.1126828075401431,0.04074631282630524,0.11943338375031776,0.07393760298143806,0.023227886082143802,0.026956938407221413,0.1346539858628236,0.1366137198085525,0.2025895758802682
18,0.5614334907347929,0.5211053342507752,0.25479965499070706,0.2453148206935101,0.2425897505512531,0.41937129529314476,0.4773892365952949,0.500709181104728,0.4042442497704781,0.5899512138616941,0.4074463838585372,0.5597950303735258,0.5668023427778849,0.5092259308950137,0.5861771478792676,-0.029224021994360166,0.24317341387720218,0.16039229538273486,0.5295246484531826,0.5080899948758238,0.4178112758452555,0.5436204478450313,0.2598477739641106,0.5089365363912546,0.5517724470709119,-0.04235194521571657,0.2223619089699649,-0.046204012823152625,-0.02652898637909386,0.20814321398626312,-0.021476764047841136,0.19757615907770554,0.5230895900332799,0.39803554635072497,0.4474219273116604,0.4394535131990339,0.3617802633299533,0.5634387030033251,0.38308428458806737,0.5050853748113194,0.2241057296078483,0.10626040456240293,0.1987756563875523,0.1399425823583376,-0.027121179059359624,0.15169663723530954,0.10731072158662078,0.1223062660146812,0.13994258235833765,0.12230626601468092,0.4465898855214804,0.302513403639978,0.3484230576938062,0.37356794524395676,0.29407695441795806,0.49278348520453197,0.2839488401949564,0.4565050869052357,0.06280419788201994,-0.03045646716619384,0.13217550716150311,0.2474017925411873,0.21670857655960452,0.2089142117046735,0.5766150789860757,0.42849600758998135,0.10327259206873408,0.02495301065242777,0.21137457099210905,0.3855245680822545,0.3178552523631156,0.1397699807018879,0.3462183806274924,0.06811831934468074,0.11785124685569123,0.14390635296355656,0.0985774460037031,-0.02551418358160156,-0.021350991132703896,0.02118204299783868,0.17332265943307665,0.10759591103119989,0.16598751818988475,0.14328946271420645,0.028030222999268696,0.10754692826270042,0.10835519888769359,0.022262291447109527,0.11509946984299421,0.07780054657621571,0.025043717145018688,0.01220986151909749,0.13666710644182484,0.14151694811684473,0.20351559731954968
19,0.56135548133483,0.5210512749166123,0.2581250453346577,0.24460455806147968,0.23954211571481596,0.4201452895225139,0.47830494935131956,0.5014650921118506,0.4041054243425295,0.590237451652086,0.40793104055656093,0.560264046333769,0.5672401546064986,0.5102860287891987,0.5866381909968722,-0.03924927107607808,0.24383441191187485,0.15231807547725248,0.5288616058271537,0.5077035382791608,0.41734414461880986,0.5434093555099155,0.26297419570005176,0.5086601564899397,0.5518458077903544,-0.020577948348087783,0.2279216808882517,-0.021283787164269374,-0.027810954457774074,0.21371325147031228,-0.03200546018733845,0.20314738164673127,0.5231713674995145,0.40223483202312604,0.4510829434886479,0.43806936863665985,0.36059780704769595,0.5627716707134682,0.38297884525826165,0.5051436813689933,0.22425797117036284,0.10967980710572171,0.19937346479146442,0.1461856875755664,-0.03655876876693276,0.15154927002740867,0.10682343822518446,0.11592322050286008,0.14618568757556644,0.1159232205028594,0.4464795055079075,0.30236214100063097,0.34849548690509474,0.37359520060615015,0.29143890842614045,0.4935877469190124,0.28425115242438015,0.45700885848797523,0.062279541355089826,-0.04517713782908314,0.10877995658947377,0.24724758968347288,0.21378898823027379,0.2059491887077838,0.5757369468339171,0.42871083936820265,0.10363719548923862,0.02163191391881202,0.21306548271100798,0.3864202986065031,0.32157111326861915,0.13418837624432486,0.3507033577651936,0.06877752749807567,0.11898395432188193,0.14055306981320673,0.10085544398117907,-0.02738035273744567,-0.05239050205382647,0.027987181689228816,0.1758453430072551,0.10961649780079821,0.16726966181229438,0.14815648913840615,0.013577617485975297,0.10798172563723717,0.10801288848954427,0.029960002810682507,0.1221692286387095,0.07624167747366081,0.033374390314935935,0.020696857517085776,0.13839031734494037,0.13690185735751148,0.2037807423597197
20,0.5616331906244498,0.5212372775739753,0.25613933307751474,0.23961079979489952,0.24095501119725365,0.42032727419044963,0.4774187643199096,0.49998817960722997,0.40342301318770696,0.5908975227428603,0.4080269781170196,0.5595178599205778,0.5682980668952741,0.5094050038875306,0.5866824424956775,-0.03350792732883528,0.2363832052946441,0.1614640273214567,0.5290548028887665,0.5080965514519694,0.4170290123397067,0.543717417543514,0.26189489179489794,0.5088367732089623,0.5527285243697143,-0.025876136397106553,0.22429751786802085,-0.030899715873986856,-0.021729002589566348,0.21013033615535204,-0.026960350552443977,0.2008709552258321,0.5232070867213926,0.4031786942467293,0.44956213137402046,0.437425011392289,0.3610048121075762,0.5638681429075527,0.38435707615148024,0.5049744355237747,0.22245035331151458,0.11035949622471322,0.1982476450207692,0.14219579581560038,-0.04780294928417884,0.15268511864807463,0.11079314824727345,0.1202433559612841,0.1421957958156004,0.12024335596128345,0.4463893229981498,0.30262591028967556,0.3476353115659558,0.3714314460261742,0.291254878942101,0.4938140868501253,0.2863231681218341,0.4558518817116854,0.05803335155142776,-0.014335621075920922,0.14860106545857785,0.24979035843811223,0.2230623249568914,0.1888030856337657,0.5769324469446567,0.4298996803563005,0.1027087582731143,0.023239474033705236,0.21066978948956744,0.3879380565749483,0.32241070734494953,0.1391426975995086,0.3523710190410322,0.06732162122259494,0.11206206614284069,0.1429257807941595,0.10001363636493145,-0.02899006034317707,-0.016512093475533077,0.03663680883788327,0.17459587265653026,0.11184255793059816,0.16431882810976847,0.145090084920975,0.0049135834426256905,0.10984177814871188,0.10990159971225012,0.037652968323601405,0.121079711210721,0.06515569311798665,0.010847719994688426,0.008069677796393672,0.13657648403250316,0.13948102499677156,0.20304695313352525
21,0.5610781632729603,0.5204053758508866,0.2587436033794502,0.2443392621777932,0.24290112026977537,0.41999413996604484,0.478122398571036,0.5008406972224951,0.40440755636673176,0.5907042916190065,0.40476403120090637,0.5589872284882584,0.5680543647531767,0.5110687603327656,0.586728083248648,-0.020918731468081604,0.2362866032006969,0.159983044941134,0.5289335673154553,0.5073523283921136,0.4173962109006437,0.5433500948566345,0.26340665228717264,0.5079740984501923,0.5525009542313977,-0.04506095080079184,0.22604282940112058,-0.04599377891572671,-0.0262093504477753,0.21171782961627747,-0.011466534072572,0.20029544072510133,0.5221774638218509,0.40212086044116807,0.451975812068056,0.43986139726621787,0.35794917420044126,0.5635157213888043,0.3785494837304043,0.5041122498934067,0.22294786779327486,0.1097674379208187,0.1990032191367686,0.1368971958196524,-0.04015479589095161,0.1549493526642084,0.10861647229263176,0.12095468285122692,0.13689719581965235,0.12095468285122739,0.4465565072674775,0.30321786711340254,0.34814199110170957,0.37394175477944697,0.2945424773786654,0.49418050353353066,0.28224114472502204,0.4553033730349895,0.06754492831243118,-0.02453207554475639,0.14296579453146885,0.2522004726255311,0.22468520132605738,0.19661215368083398,0.575978845871026,0.4279161968024583,0.09571758531501204,0.04013318582190179,0.21263944043374078,0.3876894842485445,0.3228606532558434,0.1355543750668462,0.34722167356592626,0.059296226770135484,0.11742085769627508,0.14395434545099908,0.09859482780709224,-0.014596931423919322,-0.04651025937612083,0.03231257389964077,0.17296383774813961,0.10981855219152506,0.16687762605525866,0.13723338304446564,-0.0158678820892266,0.11305411281451917,0.10667106646173813,0.03394916162401361,0.1141692789867279,0.0776304168215526,0.012439495824176977,0.007164196899933337,0.13388937612419588,0.13796274416194568,0.20341136338685264
22,0.560046251926619,0.5188672629436213,0.24925328187824886,0.24778547476092314,0.24380897842670973,0.4205286236542946,0.4761152659120447,0.5012107924404327,0.40231119096837215,0.5906767878308522,0.40565667621794005,0.5601057552473323,0.5680454123219287,0.5101303941531488,0.5858239467208765,-0.05081385585603976,0.2408807653966057,0.1487174217941043,0.5273013908490313,0.5059209655538126,0.41542831948313313,0.5421907867236956,0.25714127211979976,0.5061467440524307,0.5522377083611549,-0.025088232152809267,0.2269113516432921,-0.03143688740623248,-0.026389016022070243,0.21275783942072957,-0.02658197522685819,0.20245858030560174,0.5203101855907996,0.4029175648533354,0.44922212096758174,0.43912743161613876,0.36135216944277,0.5643053730517075,0.3823113351427899,0.5052336225527673,0.2244522698640168,0.10986001080121305,0.20068407295956445,0.14609917354354365,-0.0310102366984906,0.15460045544416892,0.10912391062741716,0.11647555967261912,0.14609917354354365,0.11647555967261881,0.44433378762046144,0.3042474445518366,0.34620235219031564,0.3742679968914583,0.292281595167725,0.4940198248826207,0.2832852135067711,0.4564391655615656,0.062163936037464375,-0.035926925206932664,0.12762837204212488,0.24917923635723443,0.2173350764275829,0.18874614971926593,0.5772390316795132,0.42840855842393266,0.10031601403951582,0.036804111780870896,0.21217977096513374,0.38619008020395446,0.32092707251413644,0.13737873166091147,0.35151252244883124,0.06504759022130258,0.11947589680761618,0.14360436878282615,0.10320464011271528,-0.01911234756827888,-0.0360885484597093,0.03222843806132668,0.1734761268391509,0.11015838307435348,0.1678866093848847,0.1483081102844104,0.017152211843572327,0.11547805031885486,0.10826587757144496,0.03440102362921273,0.1220059823962508,0.07904245854489284,0.016677245443922354,0.0058131773577643564,0.1368249189333927,0.1392199968152355,0.20540564696372934
23,0.561500605688917,0.5206075630674559,0.2580238485462207,0.24705655578482955,0.24115313674659014,0.41873481832786735,0.4774999839238337,0.5016937313871834,0.4044083385107938,0.5905576766526384,0.4079414806920798,0.5599871326425735,0.568249427269723,0.5095011278777355,0.5866308520850846,-0.05159754693407975,0.24243928981696516,0.14772001207385893,0.5287891971452234,0.5069150477209727,0.417616890347833,0.5432005623778479,0.26323001191917106,0.5070681175177905,0.5527561683613766,-0.030958666117884334,0.22539555224168836,-0.03539808516173498,-0.024609231226022082,0.21033969036930084,-0.021880767733157294,0.1989199230830494,0.5219605617968344,0.39957626495722814,0.4490318085585787,0.4406156398002487,0.35939453064521903,0.5637935818959763,0.38489244159032104,0.5042782229383791,0.21909682495974786,0.10094829485373308,0.19479132373001604,0.139469885202406,-0.03238061567454026,0.1494401330085824,0.10866469891588375,0.1123609601106403,0.13946988520240594,0.11236096011063969,0.4470089851276106,0.3011548284552941,0.34743062423574944,0.37428361768131113,0.29220076143255963,0.4942128067540854,0.28490833104317714,0.457139026791857,0.058211108876916495,-0.038457128767449666,0.1203838498812147,0.24899305026946592,0.21840630453856175,0.20551061086367017,0.5768636855075839,0.42556002194345005,0.10233543454062252,0.024869727093550866,0.21201725381400585,0.38592606018458303,0.32073924169393064,0.13849764581416985,0.3488879343327104,0.06225685663162995,0.11187898671457636,0.14350577315483107,0.09932236820799288,-0.03215318042387037,-0.0208040874640717,0.02114898570724883,0.17351935725380244,0.10544016004989176,0.1616992465071026,0.1414556095629517,-0.0005736132720415751,0.11084251916656447,0.10766459602102128,0.023562257334444652,0.11735627294706551,0.07757009123248561,0.024784063649073103,0.00457914960907765,0.13527903325329005,0.1350337119243208,0.1990071272660191
24,0.5595092455530969,0.5186245847415343,0.2553037364789269,0.24622290067039146,0.2395770993704293,0.41933399132837923,0.4785585542223523,0.4982562983457062,0.40341510764323907,0.5892333586139176,0.4038338533986015,0.5590672276274121,0.5683214635422025,0.5091989807152045,0.5862994282606309,-0.024372191906639168,0.23945862215103242,0.15974645343377342,0.5266561069792688,0.5050137982588073,0.4157503992161521,0.5412859645223861,0.26069148737919046,0.5059148194319614,0.5522808416077815,-0.019957651696421923,0.22274578013367052,-0.022552319670304587,-0.02959588049714148,0.20937597891395265,-0.01668997154384521,0.2008993752323391,0.5209390449388024,0.4031637708580295,0.45109173574109557,0.43538890209808195,0.35630394133490734,0.5621820433213207,0.37837979903755187,0.5035313478615816,0.22118372288559604,0.10742868797297236,0.1977097860432253,0.13786328585496727,-0.0392203610421641,0.1539710698695058,0.11413341636951989,0.12479527063776946,0.13786328585496724,0.12479527063776923,0.4449458717348933,0.302534544273945,0.34949262559927957,0.37079195204913507,0.29124475731287186,0.49195605212893845,0.2789789921300683,0.4552161504662649,0.05843199699589552,-0.03101686483738782,0.1361317213678637,0.23728594200736608,0.2090767761506354,0.1996120903833576,0.5752502426008334,0.4297025146746687,0.1064407276822904,0.04575623401327037,0.21302273139497843,0.38829889028161585,0.32383850459720676,0.1436559035765215,0.3524020471218317,0.06666847645125891,0.11467771992108937,0.14129474651548055,0.0981049095478828,-0.043213908879799236,-0.01227845926270758,0.0252790568985029,0.17213611649251281,0.10875029057180989,0.16550826332399107,0.13962920554725222,-0.008723106317719286,0.11492927459965442,0.11226273988722535,0.025959117580745768,0.11485317954389675,0.07770864579220298,0.021906144457137147,0.018833117421473682,0.1386343354123963,0.1424396197119336,0.2014147279421037
25,0.5615849025378823,0.5206574415349636,0.2515984911735274,0.2417238153847531,0.24099160103419148,0.42018121464503777,0.47790296272411886,0.5011869520176694,0.4037236559865699,0.5898400221145315,0.4077695278134558,0.5597352095576923,0.5670132392582898,0.5096380384618544,0.5860573052471575,-0.02510906389815799,0.23770829725166326,0.15982734801646903,0.529077012857577,0.5078519868256477,0.41805034099624205,0.5440498613835324,0.2572409723419331,0.5084354178049642,0.5513119547319119,-0.011548124430068798,0.22485322711985029,-0.02024617073260113,-0.03355030920255905,0.21049518968091932,-0.01768480814707745,0.20076053662820562,0.5225247432368713,0.40148231094671927,0.4514318638371726,0.4384167336157525,0.35726424997154693,0.5624843172488081,0.3852639563421012,0.504972276083484,0.22268194618963053,0.10490621537708292,0.19570602415051486,0.14643061809924052,-0.02958305999246222,0.14929588514631248,0.11333595795325008,0.1233439697956056,0.14643061809924046,0.12334396979560565,0.44667914020569766,0.3041237091630614,0.3481257355601572,0.3741649821966679,0.2936144090923112,0.4923517370873933,0.2848201357750302,0.4561421177890807,0.062327379959224986,-0.033247144262388464,0.13198278961540288,0.24410856811547002,0.21796957143361187,0.21198755141584325,0.5770980767021259,0.4276532472339367,0.10237727866073698,0.027043549295216213,0.21238097266287081,0.386540774721882,0.3239322046085115,0.13793331438103992,0.3510452247682994,0.06159233890948692,0.11721042764857888,0.1448296816423376,0.10372374351286609,-0.023247148657343637,-0.06677359389595026,0.03019452609082712,0.1726021636740605,0.10507307235553005,0.16406338890116054,0.14593512165991643,0.013403058348802947,0.107637732681928,0.11077122265148841,0.0323456068164774,0.1243448399173789,0.07828851202843586,0.031010462902779267,0.0189498243334996,0.13575140989434026,0.14145964654075757,0.1995238918545348
26,0.5613789940205312,0.5203950808574013,0.25573659133261256,0.24258211526522228,0.2420258109739217,0.4197076767358501,0.4771970240069109,0.5017811089222499,0.4043497449016744,0.5906763461321035,0.4078792411975844,0.5587876242971985,0.5665603755537629,0.5101686805512179,0.5866691813875788,-0.04844475404420062,0.24094155799256967,0.14960305464957593,0.5292243666667799,0.50788667018986,0.4179125020822796,0.5438798164609836,0.2605573263739217,0.5083695581548191,0.5504769664000706,-0.040722859005295826,0.22672156057143064,-0.022674364881788155,-0.02858019059243968,0.21370053703510172,-0.02881056373164339,0.20030970156559305,0.521967108876674,0.4028393871121755,0.4492056846785468,0.4404006738023126,0.3584734998332756,0.5636122356120273,0.38463498903823473,0.504502426416352,0.21971616653602583,0.11118387266092114,0.1989317350630934,0.13960226774542156,-0.056843252297335445,0.15515461752389842,0.10415399500570897,0.11429345330115155,0.13960226774542156,0.1142934533011518,0.44660680465676206,0.30081312583297676,0.34908574738345055,0.37545589418934233,0.2917072077147582,0.49411175438500854,0.28425549415622453,0.4547459079439673,0.0577220027318488,-0.03256579771567082,0.12809615919587664,0.24330972556460198,0.21266121859771367,0.20417830141743548,0.5769093857309788,0.42874876466455697,0.10055188656312708,0.02512354363457539,0.2130256350539619,0.3854825522800576,0.3196031961105754,0.14248582634207993,0.3526577128725524,0.07108424547761778,0.11537176407348625,0.14478123837712667,0.09687156399137722,-0.029411743711602857,-0.01687517070991459,0.02425360025424814,0.17306627353942575,0.10943835823688086,0.1656511958321025,0.1426107233529792,-0.002763176441241402,0.11387847272585754,0.10734340114774028,0.025830323433641375,0.11544702444787623,0.07359210512248078,0.022818393586322407,0.00506578824532413,0.13449040656257552,0.13381377472899011,0.203227522936709
27,0.561053246280056,0.5193719723605112,0.25357032152860004,0.2447525267209495,0.23939004675615225,0.41738373445530447,0.47791886920238696,0.5006994661031373,0.4031251501530381,0.590452386665415,0.4050938731306936,0.558945605262052,0.567710862004368,0.5108259322475944,0.5867310132602367,-0.025374466266059534,0.2369518269073824,0.15416322723977147,0.5282918057595619,0.5061866229063212,0.41669000926785493,0.5431301924424652,0.2602263874037729,0.5065008738917204,0.552039612921531,-0.036136713270912314,0.22656812140414376,-0.0336715728712913,-0.01848989242824398,0.21132626932714774,-0.01519970898893161,0.20283313261919772,0.5208032056518311,0.4008940490246164,0.4513481803313657,0.44086892271458766,0.3580908926685003,0.5639015025567413,0.3782084539887848,0.5036290056941604,0.22122623978752445,0.10681518662396716,0.19782466348094613,0.1457327938162646,-0.021955579595770013,0.15497370806013333,0.10888639563065643,0.11835962256945932,0.14573279381626456,0.1183596225694589,0.4455422037933145,0.29774028269841696,0.34840579660652254,0.37358658157348923,0.2933901666580912,0.49394907957359535,0.2832922904407849,0.45567150957414104,0.06588019943476973,-0.04533119952769601,0.11042640872653425,0.23779117555563015,0.20554026269913445,0.193478769507413,0.5765623383533722,0.42852711021785445,0.10424767586383207,0.03761729708876184,0.21231275113976492,0.3864830640755122,0.32175779405390786,0.14056834310599095,0.3473731090233141,0.06504455341686233,0.11677544952101265,0.13785117736841457,0.09877388258348294,-0.023054107497023166,-0.023502569878543822,0.034805444344685826,0.17314554428358872,0.1088399254400154,0.162420110927264,0.14627980803164492,0.01827253027907865,0.11402283311627787,0.10717709748520622,0.03661730329636399,0.12395754502970938,0.0805259392301356,0.01655006318615613,0.01736181737241478,0.13702052560080896,0.13780992260928948,0.2017186324341477
28,0.5601905331806641,0.5193089576100484,0.26001769323213125,0.2465345854658949,0.24579825173079162,0.41486090989682634,0.47862615363360295,0.5020175714939648,0.4040575560754358,0.5901982476197548,0.4072373762372261,0.5594047516657791,0.5674722330597387,0.5098807002642978,0.5861889729900536,-0.02636821627985348,0.24051351917144762,0.15796524069545756,0.5274569428362188,0.5059655252526791,0.41591651293091914,0.5418171665645736,0.2633159480257022,0.506196766607718,0.5515079629979819,-0.03333700259426778,0.22685808135699426,-0.0315039232879059,-0.025019567803076806,0.21148367496181805,-0.01413536886926413,0.20259751675016247,0.5209322699503763,0.3951263684282291,0.45199906276357893,0.44041354589771453,0.3607565507948007,0.5623597364579411,0.3852345695515435,0.5043729633512506,0.22362533411231367,0.10480637739757175,0.2002029127611954,0.14485285101228862,-0.03950910856252053,0.15593973363248761,0.10450061834356392,0.1220339059272792,0.14485285101228865,0.12203390592727928,0.44531831268633454,0.29950050638711667,0.3490052455592056,0.3752065034908846,0.294199712406516,0.4928815921106038,0.2830036810325764,0.4561863710896981,0.06498881775400854,-0.0209194348650519,0.14403056962069005,0.24534768756202557,0.21658993976079177,0.20642933980224765,0.5768691952428395,0.4290448664890193,0.1013671678632795,0.0411153816987503,0.21355174856395193,0.3867470053739664,0.32151049103799245,0.12715070592365194,0.3502447233621589,0.06285759252591018,0.11734180422283395,0.14371581288790555,0.10228348307988464,-0.059165583640800906,-0.06092322562567343,0.034056572388763535,0.17501068521273963,0.10632193786312716,0.1644440687345249,0.146831936904096,0.02168739742727598,0.11503867581468052,0.10266994290481177,0.035519458837069195,0.122364779718596,0.0802980885658556,0.028446340556843534,0.01848316446855997,0.13597838298298465,0.1403654581608015,0.20454241053461342
29,0.5613740796675514,0.5207252663580058,0.25742572503838396,0.24323734041030542,0.24476941248479236,0.42020252725982793,0.4784812789132748,0.500182684469926,0.40078212134146896,0.5898799698534484,0.4067155059986818,0.5599987924762706,0.5673778491318541,0.5100657823418477,0.5861674906013545,-0.027382460438866087,0.24019675505326524,0.16107046271946154,0.5288546631098264,0.5077286447190429,0.41737795580125103,0.5434027266012976,0.26124121390662,0.5083549146326192,0.5513670073543024,-0.023518079904374243,0.22484695284796036,-0.01661624749740736,-0.024018262419681607,0.20995511498077007,-0.02772738791686906,0.2023283415493811,0.5224983372159725,0.40195845192193425,0.45143207397399127,0.4390626327707118,0.360312008554324,0.5619348869965698,0.3832785326855555,0.5053947838403343,0.21943564082003264,0.10606034333235306,0.1937118737346254,0.14272777739983333,-0.042098184117496266,0.14584746949346925,0.10713582253552259,0.11922978273541568,0.14272777739983342,0.11922978273541629,0.44659774703960253,0.3040965602342568,0.34988459335885524,0.3718281262216374,0.2895532109525966,0.4932089495585027,0.28283769158476396,0.45678800625570826,0.05823757963783642,-0.024075789364582496,0.14105802876550744,0.25130782643546296,0.22131780487251468,0.19357781219518347,0.5761653357455667,0.4286479034341897,0.09728512021514699,0.025142569262327073,0.21164273834301076,0.3870939969725593,0.3231450212705736,0.1441201472733692,0.34708303801366464,0.06542887657641504,0.11115988991024164,0.14222086197038683,0.0986544017631721,-0.034322282231744175,-0.030141691322931853,0.02696305872001569,0.17269465080213997,0.10313571005749189,0.16271202979838928,0.14464846011587196,0.010686272536174523,0.1066417405489207,0.10917926990881399,0.02918718174839014,0.11832427198034978,0.07991653661326753,0.0209044876291139,0.014721866175388667,0.1344128619924671,0.13942120000513913,0.19828284701925988
30,0.5608571815326742,0.5205770829296978,0.25771129649243685,0.24175473143967374,0.24132685183889174,0.41993988056004894,0.4770652216437763,0.5015648461787776,0.404323554961174,0.5905285176558638,0.405143381290158,0.5600320582421077,0.5672289412910849,0.5098965813881696,0.5862380303461598,-0.03747197100810641,0.2416636286663924,0.1568947119402415,0.5289944800850246,0.5076456798981773,0.4174908607983492,0.543327864539328,0.26142461784892584,0.5083497084149302,0.5515366603295121,-0.04903119415353675,0.22472806692776362,-0.038014004895053445,-0.030936688063036025,0.21112507668219038,-0.030901634960199806,0.19963587316724454,0.5223522330329914,0.4028674787353509,0.45004423733720733,0.44063941852433725,0.3610116044368671,0.5638414817341042,0.38192277320441465,0.5053128231164292,0.223435034566121,0.11127599332576321,0.2001508310490042,0.14412293793682288,-0.05375449777229257,0.15467165609537786,0.10782132784304978,0.12000670502077043,0.1441229379368228,0.12000670502077035,0.44623554872395976,0.30208362685069995,0.34616007930781467,0.37423537183505484,0.29347321571482793,0.4942732469173749,0.2813147518594201,0.4566172519899454,0.06481342759058668,-0.03304594814457913,0.13465639048465441,0.24981465744439488,0.2175746447508692,0.2045802733351867,0.5770175470745701,0.42706775547738995,0.10345733270160211,0.03944716113221632,0.21102574761104292,0.3868208049506076,0.3223600128788145,0.13717763740410938,0.34723699987633094,0.06611167226713202,0.11312405223479578,0.1436614686544424,0.10357732106072495,-0.02162704620354286,-0.03892018537934957,0.022291112531948064,0.17516495196473447,0.11249879133115767,0.16905024275079725,0.14654368955080935,-0.0015493353129569247,0.11370548699014059,0.10835491137521809,0.02454744248994751,0.11983832026651144,0.0788838854160946,0.029181075897676486,0.018207525736970227,0.13596719405669172,0.14014346932591792,0.20456412334571927
31,0.5608306257405683,0.5193525956936966,0.25941036179546445,0.24611643189003618,0.2445028429901626,0.4193548779528922,0.47689191223449556,0.499392042818437,0.4039016531730752,0.5901207288945646,0.4059546004766627,0.5601198504641506,0.5679332138876331,0.5107454569830173,0.5863993074474253,-0.023425083870149615,0.2413694993093203,0.15861326483088165,0.5282839043139017,0.5067291066346932,0.41724346829245096,0.543261765492713,0.2629320768100036,0.5072206331646528,0.5522741580159956,-0.023691951796239886,0.22062117495086417,-0.03011313331150025,-0.04216097645419625,0.20644151003125455,-0.04196620007699152,0.20227795561990097,0.5209599814223961,0.40130131757995696,0.4484233593606834,0.4380666628616387,0.3601202041712145,0.5625104055359395,0.38394047491431493,0.5048983892721014,0.21852530355310604,0.10850760170827758,0.19253328531031058,0.1409895524395267,-0.046163169912292384,0.14865991798993675,0.10741513584823212,0.12395974796844512,0.14098955243952666,0.1239597479684449,0.44592404572724775,0.30086060482182875,0.3466082307005028,0.37231367304501856,0.29261457990378453,0.4932173110519204,0.28294871825224416,0.45636577042485665,0.05588616109689682,-0.021955298739424593,0.13949445344510059,0.24733519671880688,0.2189269722681755,0.19951577093079037,0.5769394988719773,0.4288213634121329,0.10619109689997061,0.03641843252426481,0.212773658122797,0.3862754568768401,0.321678042688682,0.14666673752686027,0.35220583223219976,0.05648243014914636,0.11500143735835423,0.1444545649777362,0.10463309238760683,-0.030402321190490883,-0.04061364358322366,0.02926858990810535,0.16877370179964196,0.10965837908549411,0.1630780695346163,0.14440733315896906,0.004378126477107624,0.10618294315064614,0.10794202405707064,0.030297336551743312,0.11876549514729257,0.06848036723083728,0.01621258174733478,0.012350529889635472,0.13816922698753545,0.1416756836538514,0.19657135997507616
32,0.5611042788833628,0.5208729128130637,0.2572087230105282,0.24557814682369997,0.238402359741381,0.4200030838440852,0.4766073262383437,0.5014001028259247,0.3999157117995969,0.589984152758298,0.4069236767715814,0.5599181651390528,0.5669880191858181,0.5103567854158388,0.5865703096941628,-0.022839223981084754,0.23781167944059858,0.1606469608381403,0.5280837039424436,0.507213000010852,0.4167597373877512,0.5427608845919537,0.262942154256864,0.508020620116202,0.5520321685901821,-0.02314492535139011,0.22350297479197717,-0.019987210786812707,-0.03277929728569695,0.20727468267518792,-0.025753397993642874,0.20145230915183288,0.5227489696780369,0.40068195402509205,0.4509403535842822,0.4411455010980877,0.35984988078519803,0.5630674867808422,0.38390239647904284,0.504765526736816,0.22415564377101993,0.11310158264229313,0.20045045759017632,0.14593702379055934,-0.029645176511614243,0.1544889794451277,0.10995187110724673,0.11527425033781283,0.1459370237905594,0.11527425033781213,0.44611724523383905,0.3032030955459459,0.3460437344763386,0.3753942722843271,0.29080172815370325,0.4933631423189625,0.28446479271777303,0.45688552181376596,0.06133249006107867,-0.019348944635701734,0.14305214587076429,0.251123008051679,0.2213761086518851,0.19903967882617457,0.5765469080828894,0.4300436211790419,0.10001371598859383,0.03804579570046667,0.2102229290487036,0.38554777345056235,0.32144248639585643,0.14466170577582166,0.35059213763132163,0.06856488917369534,0.115308915741463,0.14547905852578125,0.09975211217101944,-0.04150753467460901,-0.04097046864958285,0.02815013175601047,0.17339701180359868,0.11370740824943353,0.16450345814683878,0.14833596427482854,0.01536155733978168,0.11678725458964226,0.10771782334324527,0.030891094904845044,0.12391292504481698,0.07769319816598412,0.024992115807949578,0.021191246256027464,0.13588711578103443,0.13780510197764015,0.20443242231399636
33,0.5605539255083345,0.519171017550625,0.24873503995785218,0.24517764338795517,0.2438312980660821,0.4193831872084452,0.4780832382920003,0.5009227085839832,0.4028531063244951,0.5906570850027301,0.40641173572053474,0.5590447350281941,0.5666059241963389,0.5108115430218463,0.5867310048367907,-0.024469329924703166,0.2395615713107815,0.16095017252737495,0.5266418265106659,0.5059967430336881,0.41674157500645537,0.5425492340380336,0.2572427600161491,0.506374807000126,0.5510909436193004,-0.02628021815618324,0.2251600596119881,-0.020510635962300676,-0.01884128025001974,0.2100332638600167,-0.03257379364766182,0.20220807074381228,0.5206609510727215,0.4005703471906859,0.45029920556676645,0.4379087337573497,0.3597567629163875,0.5628912517883344,0.3843515378654444,0.5031166694629651,0.22323320013515963,0.10682295332193689,0.19625080949963858,0.1430809055136653,-0.03945880084048254,0.1505029045861475,0.10785629318161806,0.11665967224506138,0.14308090551366534,0.11665967224506169,0.44582954893986915,0.30209766503727303,0.348459155085002,0.373913263759137,0.29069362495794737,0.4941518475691748,0.2832069191602365,0.45537914678026087,0.04790364877227762,-0.021909720176982596,0.14823546258927223,0.2505346186198831,0.22332720723172525,0.19363576633922627,0.5769678712753965,0.4297797146586364,0.10529735910024804,0.03827047330723639,0.21017870366616867,0.3857105760587576,0.31987988555952934,0.12111966732527353,0.3466011334515183,0.06068357159621265,0.11314725635990244,0.14054866405242553,0.10152185421893115,-0.028383759347985482,-0.05216845766575817,0.03077144648040278,0.17060099133576836,0.10791151717467627,0.16555305389564026,0.14680668825293947,0.005661370272801739,0.106454011840475,0.10954971286107706,0.0318926756948944,0.11940865444193464,0.07639934808042202,0.029212540110867373,0.022826657611369778,0.13647406371222426,0.13640739193311796,0.19971731467402773
34,0.5611401146929618,0.5207341171739053,0.26029647886156987,0.24412449149056006,0.2394518437662806,0.418309792785732,0.4786969904192706,0.501663591429771,0.4043190834319035,0.5910992710409178,0.4066098268736199,0.5600617610002946,0.5682558455038613,0.5102131197649028,0.5863255271461635,-0.03551434126652412,0.24047829294733372,0.1562040173322128,0.5293472913317742,0.5078835255698303,0.4179124550327521,0.543724633358216,0.26391007274095124,0.5082560980466578,0.5529994471899388,-0.016987225883637925,0.22697107564860874,-0.018215942037452096,-0.0292891281215202,0.21314077255970662,-0.026255436826191365,0.20373831702663006,0.5225317190201123,0.39777871119660707,0.45061237697032025,0.44001800107511,0.36167925480254476,0.5647345830700204,0.38306163757986633,0.5049923382484748,0.21932458856511475,0.09710479850722213,0.19501942717998041,0.1371023000565384,-0.03756624297315754,0.15047709183493957,0.10531253393954713,0.11636292097360443,0.13710230005653856,0.11636292097360454,0.44606864234882276,0.30108640968530487,0.34961020370891055,0.37482010673102656,0.29365529794736106,0.494538321264981,0.28460697215758873,0.4564489792101052,0.053414053281158114,-0.03579361600289357,0.1219840393713697,0.250997425061918,0.22035180770127094,0.20562653391263414,0.5775973824526889,0.4290646368767897,0.10760082172758477,0.02562001967400541,0.21355967802878653,0.3846143627201431,0.3197165916120684,0.13930665916999202,0.3486388140529261,0.06653960567846091,0.11649569920373946,0.14601054825095786,0.0934878892725632,-0.02602424521253683,-0.0462048899462647,0.030593938842952424,0.17253324713661594,0.10003990986562677,0.16371175535915,0.1445134880913077,0.011703391062953353,0.11270848328781538,0.10560842080007264,0.032787709772052934,0.1128926035360163,0.07705384821919908,0.024604253308416715,0.019475218479745197,0.1407704001216521,0.1370349910260594,0.1991100867347238
35,0.5615739429276436,0.5210327269095867,0.2568999429380068,0.2381018608126399,0.24023123874022131,0.4199631301368088,0.4776863296284783,0.5007242361570786,0.40410914420014543,0.5903942035615014,0.4065190972640324,0.5577982967338688,0.5667413332787012,0.5105213894151406,0.5861930506557049,-0.024168112718044994,0.23924148365942108,0.1578403859117885,0.5292324973776519,0.5077600854785507,0.4179304957366244,0.543780285504226,0.2616803457296752,0.5084052691742997,0.5506620856242204,-0.025451020389106616,0.22349120329228936,-0.02390458537078423,-0.01919521729700665,0.20964336383633533,-0.02520511795974855,0.1995157698741036,0.5230165588901209,0.402177285677455,0.4506302473757982,0.4382013985321818,0.3556526812232915,0.5628647312866046,0.3788196067040996,0.502404404069363,0.2228471579220836,0.10713230571719558,0.20016685951276816,0.14075565062517195,-0.038545487573272766,0.1541130813971937,0.10588589467062888,0.12213607096765676,0.14075565062517198,0.12213607096765662,0.4467941753333414,0.30382637622170167,0.3481328770313698,0.3733265403256711,0.29358299137758165,0.4933615082099733,0.2840428415209729,0.45462114447693297,0.05896514078678005,-0.02040324270153809,0.13620688729801508,0.24507236631355545,0.21571018772982695,0.20300257644099037,0.5770711134192185,0.4296495167153042,0.09587031272215336,0.030632080797926634,0.2089468785736798,0.38792994143613996,0.32419166939722016,0.13981487147514163,0.3527665215945606,0.06768695923899609,0.11651146048983685,0.14446557232162427,0.09890077632561925,-0.02438096065825338,-0.07634502822161132,-0.002315652971260469,0.17464432862659407,0.1071596402949366,0.16517279904474583,0.14039400729282484,0.0011052901621134191,0.11463131347460875,0.10790495770931417,-0.00015946797750516543,0.11700916278495684,0.07932675746563936,0.0201830059855023,-0.0008660803493424354,0.1366867737650124,0.13998670196053054,0.20435702021073263
36,0.5610478537247081,0.5194451678354992,0.25777376770162413,0.24616272267995554,0.2411100923136124,0.41988263618199984,0.47603682740418796,0.4995035096445949,0.403465123377501,0.5903584348205538,0.40726723013938,0.559245922889996,0.5679246249245554,0.5102766253372693,0.5864823579767242,-0.02333771894982692,0.23888010248921848,0.15929607643986465,0.5283033576195115,0.5068274837362653,0.41722072501047164,0.5435511266722736,0.26268964193971805,0.5075281001215248,0.5525101328630834,-0.060143487690854626,0.22631449547264168,-0.05232201674141675,-0.018917991114460585,0.21238287920689405,-0.028257145589306688,0.20342125512428885,0.5213745519791142,0.4021317977142939,0.4513904455932276,0.4399107620042971,0.36125071802289876,0.5640524445653268,0.3836155002595361,0.5050720729706296,0.22355576210534467,0.10813263863756944,0.19798731453869922,0.1389982191361891,-0.038004307662909916,0.15187738874711867,0.11296443200157325,0.11928963974369834,0.13899821913618907,0.11928963974369788,0.44556169456056316,0.3030745456460338,0.3469323961034596,0.37104221434687384,0.2923779627435525,0.493609310963828,0.2850538039720493,0.4554789787695141,0.06421309414675244,-0.02317239876977917,0.13789204555834655,0.24310767864167032,0.21351841459557266,0.20358166607124972,0.5779694929194941,0.4277242036800755,0.10586773781602596,0.04052861969719806,0.21272844916438977,0.3877989231769522,0.32319288720584455,0.1351431038205859,0.3503011203108574,0.06815479897817324,0.12026723954807868,0.1441374718707912,0.1018350025101021,-0.02691358372585522,-0.04154638178693913,0.031927494116652286,0.17504899905918248,0.10864464688152645,0.16481108316829118,0.14253951005282312,0.002126216919590708,0.11043812125013355,0.11081239424585798,0.03334403972882229,0.11726467498842458,0.0807044724318239,0.023785722494314692,0.01557396174189919,0.13829444636540114,0.13906376082891989,0.20290266759000983
37,0.5619341782196104,0.5212383791300844,0.255678996251539,0.24615690011307864,0.24457140854523543,0.4189716199487106,0.477076065549705,0.5019478616124377,0.40440702587804306,0.5909965362047587,0.4075038204701548,0.5600532448832133,0.5681900008547076,0.509957054249984,0.5864162778559118,-0.02562812378368273,0.2402473745233833,0.15836945066854902,0.5296083941124928,0.5082386775769809,0.4179182015307323,0.5442087531487086,0.26032052600340977,0.5088796872231985,0.5526156052159311,-0.024624853699859853,0.22691036319693872,-0.04301312446406803,-0.038108700886743986,0.21182988535694325,-0.03708563726240769,0.19788546624757286,0.5231890113691479,0.4016186041185658,0.4503838535729664,0.44058875273371234,0.3588068223219733,0.5644506611734602,0.3833306267921921,0.5051811129997855,0.22070666408316253,0.10820808011401674,0.19709176035071485,0.14101048032839533,-0.03372824909408729,0.15070165680461461,0.0957742565475204,0.12240177266968734,0.14101048032839533,0.12240177266968703,0.44663809793849785,0.3031926845697945,0.3461485726189985,0.3747905742570913,0.29502727545671537,0.4942963126444768,0.2844687844250267,0.4571285000098488,0.061431262054395364,-0.037687546714180176,0.1251861259253748,0.2450977862150033,0.21528972448361747,0.2086155880760902,0.5765351724822655,0.4284944160232426,0.09547738244381743,0.02836606155973389,0.21036245661281744,0.38782608733297913,0.32379179299251276,0.12864488812319647,0.34836594264877946,0.07059666888748695,0.11755406711013837,0.14524561706282757,0.09617176852912662,-0.0357186449206062,-0.051285630057644666,0.03543692750244812,0.17434772762003273,0.10911121222049801,0.1633852290686189,0.14358439256757186,0.01627432828177138,0.10986892935541707,0.09624372766301328,0.03728831350075846,0.11777479150491062,0.08123655777236197,0.026875394154055925,0.03099646119603333,0.1321195883900905,0.14125140167938674,0.20133958477428246
38,0.5604185935388576,0.5192472473833553,0.25194477409431676,0.24331522228050206,0.24274577617135037,0.4193146067423248,0.4778948677656252,0.501583642790118,0.4046029665780567,0.5905677988082574,0.40514144001794383,0.5594794769383881,0.567139155287197,0.5098479368415693,0.5865154478961505,-0.02235221584398334,0.24152418792365243,0.1590225363146028,0.526536625346936,0.5059696622721384,0.41513812568075076,0.5422447067034781,0.25823893781569335,0.5070508979441987,0.5519258287399932,-0.03772883943498952,0.2249605744682275,-0.039640067199863196,-0.04355757900468121,0.21065959421560781,-0.024827053149355502,0.20253859629789844,0.521400832615108,0.40298896373872356,0.4511020769891986,0.4410930993611631,0.3605772814126313,0.5643645813775237,0.3792687197833239,0.5040461770905568,0.22177186858047743,0.11000916925071706,0.19993963153907462,0.1423296221677758,-0.03281975539866518,0.15447525108394652,0.11492451240539008,0.12046306074044784,0.14232962216777578,0.12046306074044849,0.44439898677383394,0.30215530579356886,0.34736306463119787,0.3749241202943733,0.2947101356034426,0.49389237729624025,0.2820397196144634,0.4562341474232722,0.060940926269838054,-0.01945780417613197,0.14353962923573432,0.24860186604437903,0.22064507538382608,0.20460800251179131,0.5768054638165082,0.42954168752520233,0.10171792386812811,0.03622095851450145,0.20948241742837054,0.38760397988257606,0.3228718218810466,0.1443944982124113,0.3516602346131657,0.06361679591821533,0.11820494162036897,0.14241454209859788,0.10081161864569366,-0.03251550238529958,-0.029910728981898855,0.034266678614777696,0.17222869354401932,0.11344456761038421,0.1669282327585226,0.14565055501057525,0.02252671596930539,0.10967953937626959,0.11265575810181515,0.035880267596607236,0.11688905977517025,0.07879372401541274,0.0330946696834983,0.01879513405316551,0.13562279040847725,0.14072982119452968,0.204494245198139
39,0.5612208983891608,0.5195284747011389,0.25529409422474064,0.24562686132943068,0.24624931185635282,0.4178753560629529,0.4769954562428319,0.5012223449068339,0.4014151361812648,0.590845120466178,0.4075609280205101,0.5598818551394421,0.5676603404561751,0.5107691194406466,0.5866835377432124,-0.029643780373084815,0.24248065258949977,0.15535862461186356,0.5280847019466977,0.5064859580661732,0.4169481057785003,0.5433101006904112,0.26080961097101285,0.5067813850220579,0.5523050956860076,-0.016577088980632895,0.22662730160383868,-0.022149436686587715,-0.041536482841038086,0.21115725262470358,-0.03222799752341134,0.20186962371696857,0.5209632051816634,0.4008677244532502,0.45095454562907145,0.44035880508417863,0.36313478282321626,0.5642327916915993,0.38321330495877215,0.5048512538140717,0.22335787604014412,0.10717944068270634,0.20055498177076392,0.1439063778584179,-0.025593765421908745,0.1552242123350778,0.11233374638873728,0.1185469660001075,0.14390637785841787,0.11854696600010832,0.4454730167201793,0.3025874659437836,0.3482412232987523,0.37369633568825367,0.29189121149771974,0.49416596348983455,0.2852026300262888,0.45660301209348136,0.06300491745885965,-0.03153617463281445,0.12670282135263028,0.24683283942462195,0.21648342557929193,0.1955523624264851,0.5768654032217748,0.4275888699389899,0.09704247565794953,0.026645666971626555,0.21177733087379033,0.38742423536800746,0.3244608360720248,0.14600651879826962,0.3516679182052707,0.06899294379153387,0.12101137384338637,0.14288123903156785,0.10588551465842946,-0.031000962782578488,-0.03478887181954379,0.024444708384650193,0.1752363553662744,0.10952882268702994,0.1651287196624235,0.14531423867300902,0.006024451962272841,0.11529313545989131,0.11135723372575085,0.026555112275929868,0.12114392718306434,0.07750711851245108,0.026540917099046085,0.019610387952679796,0.13412079154500037,0.13810510796887304,0.20471979602562534
40,0.5614601721617611,0.5204290158020154,0.2552332973019641,0.24019478613870016,0.23664956220331973,0.4181718984892336,0.4778699998970288,0.5004830246144492,0.40515415806984967,0.5898866048001052,0.40599890533414,0.5599583048209021,0.5679762179363625,0.5092898971885516,0.5866954346275607,-0.023364996824671833,0.24077733184100056,0.1609277505691551,0.5288770107957235,0.5075496180022797,0.41793365466701643,0.5434461312650213,0.26049396679756537,0.5083165968707497,0.5526736532175769,-0.033727282501500776,0.2253243174854808,-0.0326615090644342,-0.03389700132638597,0.21059174698776323,-0.028309444035492303,0.2016706972467005,0.522333649816795,0.39986754254767676,0.4513841091175539,0.43935505188892937,0.3613051464283745,0.5631803923634151,0.3825894578542157,0.5047210457990666,0.22269138290999801,0.11156214870362882,0.19969899782378692,0.14600028294304815,-0.015907939812319808,0.15373607115903942,0.11053926870523542,0.12140212271256123,0.14600028294304815,0.12140212271256112,0.4470657491223037,0.30115133799398836,0.3477304892894481,0.37310144985602123,0.2951020525780237,0.4930371329800309,0.2836138657078533,0.45678523981516017,0.06504373342894416,-0.013078496647051545,0.1482805850048773,0.2437743985254705,0.21531508435956698,0.21393509624184795,0.5775734207814706,0.4296022508933491,0.10261235281717832,0.03619112235961205,0.21468232746675422,0.3864596927305358,0.3226794187816289,0.13005108106552957,0.34491356110118976,0.06499974508632032,0.11697541140177022,0.1413307348602444,0.10216299093395623,-0.02639306967852378,-0.02771836711563645,0.03335059219301928,0.17362671870550075,0.11171182706930641,0.16759351934451844,0.14926455143675785,0.029820635812310665,0.11300468871791448,0.10965292880748768,0.03525142390616857,0.12105715890437618,0.07912394273031587,0.01769303077429553,0.0077521443618319575,0.1385723972172572,0.1403316457406226,0.2038429160912146
41,0.561605249266284,0.520384890497811,0.25603109791815104,0.24508580381135056,0.23737636112500754,0.41900225566917654,0.4769664023404122,0.5010521180051588,0.4022405658476101,0.5904909244338623,0.40755219543560556,0.5589888584167118,0.5676267357928803,0.5097845674090999,0.5865096183960204,-0.033750894922123686,0.24288687867565234,0.15867036839203516,0.529202740122142,0.507565395882953,0.4175311288321534,0.5438292178138708,0.2616158396190888,0.5084718338595384,0.5513661992219107,-0.017269491088121664,0.22384521723828646,-0.014106924445866253,-0.029094926656170125,0.20942994890655145,-0.020552753261427734,0.20214291508640939,0.5223515251661778,0.39837278981750684,0.4497137064841226,0.4403285110073015,0.3536935968877065,0.5639800845594697,0.38511330166015617,0.5038532790076699,0.22102448096292035,0.10634237006132698,0.19854905061076494,0.14564515607763576,-0.045671313888584336,0.15546202342269483,0.11025943273362733,0.1123901588129078,0.14564515607763578,0.1123901588129082,0.4464863311157931,0.30092763617773066,0.3459295852933196,0.3739903694697775,0.2919690400692182,0.49405752992562135,0.28425042877632656,0.4548146210081705,0.05737473436484771,-0.032325504372208665,0.13370383023366064,0.24899234460355354,0.21877406098314237,0.20343279944138382,0.577359852575268,0.4278231650507079,0.10715440271861827,0.03806678066564656,0.20790022241234674,0.3857735711465077,0.3199230623710475,0.14249707004526846,0.35208355485420073,0.06599733430388247,0.11869706618650784,0.1448519488346365,0.10191325705907855,-0.0640724621468319,-0.016469768749323703,0.03539116835804438,0.16936525403111355,0.10891534765293114,0.16839611730917275,0.14828355036458224,0.007330700293834054,0.10906417454801823,0.11095565049360351,0.03659700764915079,0.12235009215550949,0.08043949075972776,0.016559658515656734,0.01628149341383928,0.13820805063981925,0.1349373838762471,0.2022853582860133
42,0.5604567732471334,0.5198707603750016,0.2572813797416795,0.2458355498450532,0.2392758951035267,0.41884392644621804,0.47715344118689335,0.5011538231130127,0.40512174696448117,0.5903398592109261,0.406240516209873,0.5590615014878622,0.567714802971177,0.5079251549632371,0.5857820908077966,-0.040634508553229275,0.241824869055017,0.15131351792495604,0.5279189377543878,0.5066799880352135,0.41508932216514915,0.5426837240620861,0.2627463258827648,0.5080156657529714,0.5516636589624058,-0.029263263823740095,0.22411817016565472,-0.027735259640532844,-0.03491115381856079,0.209194551735391,-0.02637287997016423,0.19716593253790016,0.5223583400760398,0.40014496625462737,0.44858083870218785,0.439854457244649,0.3598852162385577,0.5638772966604464,0.3830426698966035,0.5050046923149665,0.22166304013024804,0.11003414029035871,0.19875241285359369,0.14286527519401157,-0.02439692130745349,0.15364341130821113,0.11031407304051191,0.12074582739603454,0.14286527519401157,0.12074582739603464,0.4441550329450487,0.3034768694613943,0.3483382649954725,0.37470844516259794,0.29266047921006366,0.49361965286517223,0.2824379533924114,0.45506077063553674,0.0665573373770396,-0.032180206049111815,0.12505914306382593,0.24804575755880642,0.21675811579396825,0.20132771523126244,0.5771538162882915,0.42862433380015846,0.09239554800290507,0.02388662057081148,0.21344087474433487,0.38504919357457845,0.31990981132783003,0.12975855796147834,0.33808619239847787,0.06487141773041036,0.11568193136062363,0.14736403145637758,0.0977469522909178,-0.034948250538351704,-0.06376585868416293,0.025397416487314316,0.17122139888356286,0.10975285419258086,0.16764777976397413,0.14497602769234985,0.014535491147234278,0.111398881870283,0.1080584120306205,0.027619105653715347,0.11960370818723061,0.07827182902205748,0.011778260970826756,-0.0028821591781779034,0.13356533966629466,0.13972671157809702,0.2031551872930218
43,0.561117684927123,0.5210340021773878,0.24982830613105844,0.24082075778050416,0.2370594606295417,0.4186986961538583,0.47533953498820447,0.5009760304496103,0.4020172385464194,0.5905045074428548,0.40767363919906224,0.5593362416611217,0.5674244788726788,0.5090908952214682,0.5865833501084395,-0.02845015382971153,0.24334826121529068,0.15810715009409337,0.5287559119289696,0.5079233257625282,0.41749556129899984,0.5432377326891918,0.25819810555082867,0.5085140223165169,0.5516419773859828,-0.02609476303401162,0.22705694224050244,-0.025863566412868726,-0.03134570834488455,0.21281631913252527,-0.02482864630335278,0.20417389258835777,0.5227530619436096,0.401158704461416,0.44967430593615726,0.44031171571799915,0.3597913820760077,0.5644187383652187,0.38247779962936684,0.5046340610401747,0.22359650585516544,0.10775357005453812,0.19742349627417577,0.1458512247750247,-0.027435489706889644,0.14939474681590856,0.1138329164912294,0.1209758664281283,0.14585122477502466,0.12097586642812773,0.44620642553526296,0.3005827332192269,0.34579122428328046,0.3740006091833579,0.2924426573571212,0.49351270845496403,0.28472957653475967,0.4558853758988172,0.05289406362239582,-0.034266620757731125,0.12954249318835898,0.24843195054625922,0.21590155581668172,0.1910050323666286,0.5760181106058909,0.42778612747371564,0.10448270811684633,0.04005271975271025,0.2124485081138655,0.385740724061299,0.32121058206670855,0.1449602743885554,0.3495726110557603,0.0661392166979705,0.11039244293335156,0.14398674552697383,0.09508031532963766,-0.03268202296571808,-0.041910896680499146,0.032163313433950944,0.17340290661868224,0.10840527329134635,0.16766636463077905,0.1490459802238998,0.019488705654610337,0.10568416317405827,0.11420231568089577,0.033845437460579796,0.12201920457021455,0.06967637946450222,0.02129831746004296,0.02090701833695355,0.13954240124872402,0.13907018267384397,0.20179880468734057
44,0.5611138158625282,0.5205917637758979,0.2543237929375927,0.24293572693312218,0.24015841387688983,0.4185812674575334,0.47866133820619694,0.5016669000184045,0.4040572814194944,0.5911398804490826,0.4046140687820324,0.5593677671705883,0.5674194158831097,0.508774269566023,0.5855939241983479,-0.024994645648230843,0.23952541709806266,0.1601345187609386,0.5288510921398915,0.5076762577906975,0.4176006327967341,0.5432849723237014,0.2598899281967618,0.5080478613560341,0.5514061398937722,-0.02781299754089866,0.22479582789587726,-0.03823865065577209,-0.026014752370479337,0.21111808142682278,-0.047325529398790055,0.20262993764742326,0.5221068715708158,0.4005817886871838,0.4526183870414272,0.44004618121521144,0.3608693660278498,0.5644644675040502,0.3835104091366808,0.5046185644978858,0.22402414562951886,0.11017628574301681,0.19811337725251274,0.138766606069871,-0.02610108336373037,0.15136813233803695,0.10578497265742132,0.11872297900784579,0.1387666060698709,0.11872297900784555,0.44617527110583777,0.30098709912477456,0.34900114162989115,0.3743817717602976,0.29362356271454804,0.4947929156096349,0.28169528579761355,0.45552440470180955,0.06057209889842457,-0.030973888951625717,0.1315969969412705,0.247740326368163,0.2158719489566797,0.19037392176345522,0.5758838509782189,0.4277896996582139,0.10472090729804674,0.043882438166792916,0.2124574285533784,0.3863052092146144,0.32188338635497704,0.14345412594185578,0.3517550993939096,0.05465477240664446,0.11351832261730924,0.13763474073974183,0.10081062002675467,-0.04752130052895025,-0.06182716789108104,0.03552382516241824,0.175420594859344,0.11119182392838227,0.16526822365702512,0.1416219843555439,-0.002479797359736371,0.10890977018293838,0.10711245237174294,0.0373518196362212,0.11426470292432901,0.08030023291229281,0.012102976302261235,0.022103988934388797,0.13791771926648366,0.13630747093365014,0.2023203788474574
45,0.5605128379762403,0.518517156933626,0.25468336759638266,0.2376053755832319,0.2386853883005327,0.41732054226871207,0.47860016487578866,0.5015512196069679,0.4010725125464553,0.5906430072125336,0.40582497060434986,0.5587442508739505,0.5678910875896095,0.509618739675958,0.5855950775918389,-0.02597629358454809,0.2405222183310956,0.15796699496020672,0.527382911126845,0.5058001001960769,0.41693371047209205,0.5425498175310475,0.2605245907435665,0.5066983853812524,0.5522469410247653,-0.02194556812329022,0.22106342715180066,-0.025472203663838,-0.023492555259392783,0.20741891286178252,-0.011879756471048651,0.20180230875954386,0.5205595033640733,0.39869764011325376,0.45049409201219637,0.44021064988309555,0.3518084460899515,0.5641104917528654,0.38074033495734466,0.5029616501950683,0.22289780537078147,0.10774033953431615,0.19874230648394053,0.14485419539791605,-0.05026278960558541,0.15446323958231042,0.10411598629117953,0.11502527350383501,0.144854195397916,0.11502527350383478,0.44569642954540567,0.30019835786044274,0.3486864472157235,0.3753623832382642,0.28847903992185686,0.49388438548231384,0.28258222565665747,0.4553565418795402,0.054049038820624604,-0.024339892578065108,0.13777683702765633,0.2439376488593412,0.2183999041234435,0.18224505075056713,0.5768548877160565,0.42742673337251635,0.10238187231807314,0.03607401181684599,0.21198024864886617,0.38585898898664495,0.32196409618197563,0.1396633694713702,0.3532645795956399,0.0633599918504848,0.11423166021893591,0.14654368770275694,0.10525287820171199,-0.02082641420080048,-0.04008754564709453,0.029530360727679405,0.1732537304247405,0.10846542651559954,0.164583052111868,0.14682194408916222,0.001982015171261803,0.11321468764098465,0.10489206108720586,0.031435201328572984,0.12129091589436988,0.07625692262359894,0.0063424677426588486,0.024241357960626694,0.1356529375487908,0.1337299833033321,0.20257167802923695
46,0.5615496877331501,0.5212466215851029,0.25237040280131007,0.24106867577592442,0.24360598692112234,0.41926131700314795,0.47895655322798963,0.501321064790543,0.4030610618143236,0.5906955357517334,0.40430824167620444,0.5596480034652022,0.5677627563162713,0.5090395839094174,0.5853725887304112,-0.029800817092496892,0.24120264311131687,0.1599527494830756,0.529255070820305,0.5081332784372751,0.41789545098383596,0.5437026545766767,0.2602982277252605,0.5090083369973796,0.5523909559932441,-0.030876315944160602,0.22559971305398763,-0.045124092724278066,-0.02818737939878053,0.2111636636045886,-0.042710086756409235,0.20329618893448187,0.523256962134417,0.39985818545246066,0.45262659845003544,0.4381214145018831,0.3604152514445513,0.5639062249214022,0.3804335895427662,0.5044745507312041,0.22215015461843324,0.11023628382271225,0.1978158013777,0.14450239580478874,-0.023321208488434733,0.15042180690490636,0.109344424436815,0.11894280704444114,0.14450239580478869,0.11894280704444,0.44673258762534085,0.30258280966728296,0.34987401362969023,0.37449200543432415,0.29388190100814066,0.49409209984831964,0.27902110318706863,0.45609868538773735,0.06316402282762346,-0.020718318768469888,0.14095649958206827,0.252847182900125,0.22257147587646556,0.19461714920744896,0.5776190127874897,0.429125156175919,0.1012768527236035,0.03161888999206562,0.20937250575676636,0.38401879190536836,0.3202372904427431,0.14329432633226663,0.3483670409727525,0.06825253857795786,0.11907409953230852,0.14357510358883008,0.09944009605915652,-0.033893151452410036,-0.01778436918185898,0.024810366326472672,0.17319877142704854,0.11147196111754246,0.16750952684698256,0.14586903641487936,0.01133803151174068,0.1076972478015044,0.10902189409995111,0.026891564875496453,0.12329840436910132,0.0770148529460444,-0.008635474658872884,0.012466011632245415,0.1376275883514018,0.1381546991094842,0.20251915459244818
47,0.5607494176198459,0.5197295892938132,0.2545377641508258,0.2423205047546368,0.24212229499710558,0.418709835568798,0.4778665285994654,0.5021811630819878,0.40343138212140484,0.5909640867269458,0.4062685091659467,0.5592871863316591,0.5678284881052819,0.5104664952307125,0.5863614903737087,-0.03372778404377967,0.23984646602910473,0.1601549866527181,0.5286449160015478,0.507133479399182,0.4173632822547937,0.543354558247399,0.2594682200672418,0.5081141379315728,0.5522495611393715,-0.023503109630321088,0.22564245024481258,-0.017725666714237906,-0.030892974792827498,0.2109965086117904,-0.021966487812073693,0.2033546547306797,0.5218118678653285,0.3978819204461751,0.45006704693552263,0.44074690305187986,0.35741422488560215,0.5638914651907371,0.383334053522305,0.504128859818777,0.22106301031519343,0.1113183484307651,0.1974691224552621,0.1440568444831077,-0.03836883271071261,0.1519858625863628,0.10942333361804246,0.12359741296633286,0.14405684448310768,0.12359741296633368,0.44564079720792177,0.30287991085912574,0.34767039202530187,0.3758420611240489,0.2918244094354461,0.4946699797769859,0.2837520566484134,0.45528031246778977,0.06209149687020628,-0.02760144056756,0.13858472624441898,0.24620287795973028,0.21660105967375812,0.21171667636917837,0.5763907741986979,0.42770389726185337,0.10446414559236211,0.02513877139193456,0.21094831246347315,0.38344377438629557,0.3138319231215002,0.11794851310554073,0.3406843102531698,0.0571972235427385,0.11600682927250898,0.14498303428541795,0.09817948280600707,-0.032276001347025164,-0.05127202522481975,0.03256924289641651,0.17510407061972788,0.11383852840884898,0.1646090143631285,0.14856379669766265,0.005198879379107304,0.11304983099040126,0.10843367761173067,0.03436537683930459,0.11873303888592915,0.08183734425600939,0.03262155462228138,0.021651622207716843,0.13893376532056678,0.14179534164134597,0.20145516314391693
48,0.5615335501024437,0.5207770275838783,0.25954748452060666,0.23753775136230507,0.23513143464961092,0.4180890147004374,0.4786826194467389,0.5005811676809536,0.40312935798290533,0.5902254630939453,0.4064982591610424,0.5592954808422362,0.5680352996538932,0.5104086048195825,0.5862963733475643,-0.024102588241352432,0.23685508991837073,0.15999772909924165,0.5291489276823323,0.5077402930681594,0.41725746134232916,0.5436081313832801,0.2638304806561617,0.5086745389628151,0.5523002362510226,-0.03861703120990259,0.22296758702359704,-0.04181806998716567,-0.02595776693374898,0.2091279147934398,-0.02325799760053566,0.20346944994477414,0.5228716128428054,0.3973896856328616,0.4524449454131472,0.438317078543748,0.3599462901654353,0.5631982525780267,0.38312453564595084,0.5040861485607777,0.2233651126882358,0.11533032707932256,0.1988628161652501,0.1422338771475971,-0.01694295927140992,0.15275974613967885,0.10976963497780667,0.1240029432314563,0.1422338771475971,0.12400294323145589,0.4466300967542012,0.30108611340084435,0.3485142269095294,0.37355973154737415,0.29253164538601373,0.4938514295787253,0.28409395482741545,0.45565445113007763,0.05273972049966445,-0.031728156170801915,0.1373715182773511,0.24797513436822158,0.21870299494928827,0.20480823781017796,0.5759979774170294,0.4280959043818103,0.10473973605889364,0.016172101715631597,0.21132008123499776,0.3876128753059053,0.3228071075954406,0.13067249613501955,0.3521615599195893,0.06668645615053033,0.11365255546093157,0.1429154259464275,0.10534156381203681,-0.05899853840323496,-0.0350493675524226,0.019223145366943625,0.17371960038865866,0.11435547378780835,0.16639699822547324,0.14264044748743904,-0.007838041781830112,0.10445981451247413,0.10753519418167257,0.0216699726425231,0.12128969934205727,0.08018588171604737,0.02576174607243577,0.010824540261377951,0.1378455634553145,0.14206604463820094,0.20341012600570696
49,0.5606042418935252,0.5202352979669194,0.25691726076572013,0.24049382427855,0.2417172828770391,0.41596961707202074,0.47769755301288125,0.4995353102221769,0.4057930550006487,0.5890837629227019,0.4078302480165451,0.5599619494791513,0.5678531737830861,0.5087044370345791,0.5863914310132525,-0.021142756903601845,0.24052786421815284,0.15856824964000513,0.5291549025062776,0.50723346838264,0.41715241015742854,0.5431175969566757,0.26067699687376966,0.5080185182924946,0.5522982068449203,-0.041884315010198785,0.22803334074261122,-0.0265790414121264,-0.043568268009199176,0.21387642774112037,-0.03688137101713219,0.20194110617197225,0.5224036459650231,0.3964237435880196,0.44927084812174334,0.4372357813044684,0.3626526797347441,0.5624735849012489,0.3829228603838025,0.5052178707350632,0.224071698878875,0.10731285408037282,0.19989413147654098,0.14158464835817916,-0.015485740908192077,0.1553153498439125,0.10827736207424724,0.11931250307647827,0.1415846483581791,0.11931250307647828,0.44541943727290323,0.3010382668956626,0.34659496316672345,0.37277958005893297,0.29359549343575575,0.4922887193713258,0.28493297885646823,0.4567108672835001,0.060619458043555924,-0.019535000264192685,0.14532293991179773,0.24811712506188455,0.21861174077832493,0.20752273670521704,0.5774486385161618,0.4294099768327837,0.10245594720339009,0.038806520210371766,0.21061721331166988,0.38502751083864506,0.3197908000426336,0.13607614569209317,0.34795415679801206,0.06955298504939621,0.11822511748843442,0.14400304337126765,0.0925721027193334,-0.02873981280547821,-0.036419598078351975,0.024740303441323608,0.17427647726582443,0.10991342259862434,0.16798704576238735,0.1460589003325815,0.022138725993532435,0.11377068740438573,0.10889016347288126,0.027078028422396996,0.11743223025034845,0.06986297922082443,0.008947130887837341,0.017573425020022383,0.13594582287788357,0.13853900164177857,0.20401214857662336
